GrLivArea,TotalBsmtSF,OverallQual,YearBuilt,LotFrontage,MasVnrArea,Neighborhood,BldgType,CentralAir,GarageType,KitchenQual,BsmtQual,SalePrice
1710,856,7,2003,65.0,196.0,CollgCr,1Fam,Y,Attchd,Gd,Gd,208500
1262,1262,6,1976,80.0,0.0,Veenker,1Fam,Y,Attchd,TA,Gd,181500
1786,920,7,2001,68.0,162.0,CollgCr,1Fam,Y,Attchd,Gd,Gd,223500
1717,756,7,1915,60.0,0.0,Crawfor,1Fam,Y,Detchd,Gd,TA,140000
2198,1145,8,2000,84.0,350.0,NoRidge,1Fam,Y,Attchd,Gd,Gd,250000
1362,796,5,1993,85.0,0.0,Mitchel,1Fam,Y,Attchd,TA,Gd,143000
1694,1686,8,2004,75.0,186.0,Somerst,1Fam,Y,Attchd,Gd,Ex,307000
2090,1107,7,1973,,240.0,NWAmes,1Fam,Y,Attchd,TA,Gd,200000
1774,952,7,1931,51.0,0.0,OldTown,1Fam,Y,Detchd,TA,TA,129900
1077,991,5,1939,50.0,0.0,BrkSide,2fmCon,Y,Attchd,TA,TA,118000
1040,1040,5,1965,70.0,0.0,Sawyer,1Fam,Y,Detchd,TA,TA,129500
2324,1175,9,2005,85.0,286.0,NridgHt,1Fam,Y,BuiltIn,Ex,Ex,345000
912,912,5,1962,,0.0,Sawyer,1Fam,Y,Detchd,TA,TA,144000
1494,1494,7,2006,91.0,306.0,CollgCr,1Fam,Y,Attchd,Gd,Gd,279500
1253,1253,6,1960,,212.0,NAmes,1Fam,Y,Attchd,TA,TA,157000
854,832,7,1929,51.0,0.0,BrkSide,1Fam,Y,Detchd,TA,TA,132000
1004,1004,6,1970,,180.0,NAmes,1Fam,Y,Attchd,TA,TA,149000
1296,0,4,1967,72.0,0.0,Sawyer,Duplex,Y,CarPort,TA,,90000
1114,1114,5,2004,66.0,0.0,SawyerW,1Fam,Y,Detchd,Gd,TA,159000
1339,1029,5,1958,70.0,0.0,NAmes,1Fam,Y,Attchd,TA,TA,139000
2376,1158,8,2005,101.0,380.0,NridgHt,1Fam,Y,BuiltIn,Gd,Ex,325300
1108,637,7,1930,57.0,0.0,IDOTRR,1Fam,Y,Attchd,Gd,TA,139400
1795,1777,8,2002,75.0,281.0,CollgCr,1Fam,Y,Attchd,Gd,Gd,230000
1060,1040,5,1976,44.0,0.0,MeadowV,TwnhsE,Y,Attchd,TA,Gd,129900
1060,1060,5,1968,,0.0,Sawyer,1Fam,Y,Attchd,Gd,TA,154000
1600,1566,8,2007,110.0,640.0,NridgHt,1Fam,Y,Attchd,Gd,Gd,256300
900,900,5,1951,60.0,0.0,NAmes,1Fam,Y,Detchd,Gd,TA,134800
1704,1704,8,2007,98.0,200.0,NridgHt,1Fam,Y,Attchd,Gd,Ex,306000
1600,1484,5,1957,47.0,0.0,NAmes,1Fam,Y,Attchd,TA,TA,207500
520,520,4,1927,60.0,0.0,BrkSide,1Fam,N,Detchd,Fa,TA,68500
1317,649,4,1920,50.0,0.0,IDOTRR,1Fam,N,Detchd,TA,TA,40000
1228,1228,5,1966,,0.0,Sawyer,1Fam,Y,Attchd,Gd,TA,149350
1234,1234,8,2007,85.0,0.0,CollgCr,1Fam,Y,Attchd,Gd,Ex,179900
1700,1398,5,1959,70.0,0.0,NAmes,1Fam,Y,Attchd,Gd,TA,165500
1561,1561,9,2005,60.0,246.0,NridgHt,TwnhsE,Y,Attchd,Ex,Ex,277500
2452,1117,8,2004,108.0,132.0,NridgHt,1Fam,Y,BuiltIn,Gd,Ex,309000
1097,1097,5,1994,112.0,0.0,CollgCr,1Fam,Y,Attchd,TA,Gd,145000
1297,1297,5,1954,74.0,650.0,NAmes,1Fam,Y,Attchd,TA,TA,153000
1057,1057,5,1953,68.0,0.0,NAmes,1Fam,Y,Detchd,Gd,TA,109000
1152,0,4,1955,65.0,0.0,Edwards,Duplex,N,,Fa,,82000
1324,1088,6,1965,84.0,101.0,NAmes,1Fam,Y,Attchd,TA,TA,160000
1328,1350,5,1959,115.0,0.0,Timber,1Fam,Y,Attchd,TA,TA,170000
884,840,5,1983,,0.0,SawyerW,1Fam,Y,Attchd,Gd,Gd,144000
938,938,5,1975,,0.0,CollgCr,1Fam,Y,Detchd,TA,Gd,130250
1150,1150,5,1959,70.0,0.0,NAmes,1Fam,Y,Attchd,TA,TA,141000
1752,1752,9,2005,61.0,412.0,NridgHt,TwnhsE,Y,Attchd,Ex,Ex,319900
2149,1434,7,2003,48.0,0.0,Mitchel,1Fam,Y,Attchd,Gd,Ex,239686
1656,1656,8,2006,84.0,0.0,Somerst,1Fam,Y,Attchd,Gd,Gd,249700
1452,736,4,1920,33.0,0.0,OldTown,2fmCon,Y,,TA,TA,113000
955,955,5,1966,66.0,0.0,Sawyer,1Fam,Y,Attchd,TA,TA,127000
1470,794,6,1997,,0.0,Gilbert,1Fam,Y,Attchd,TA,Gd,177000
1176,816,6,1934,52.0,0.0,BrkSide,1Fam,Y,Detchd,TA,TA,114500
816,816,5,1963,110.0,0.0,IDOTRR,Duplex,N,CarPort,TA,Gd,110000
1842,1842,9,1981,68.0,0.0,Veenker,1Fam,Y,Attchd,Gd,Ex,385000
1360,384,5,1955,60.0,0.0,NAmes,1Fam,Y,Detchd,TA,TA,130000
1425,1425,6,1964,100.0,272.0,NAmes,1Fam,Y,Attchd,TA,TA,180500
1739,970,8,1999,24.0,456.0,Somerst,Twnhs,Y,Attchd,Gd,Gd,172500
1720,860,7,2004,89.0,0.0,CollgCr,1Fam,Y,Attchd,Gd,Gd,196500
2945,1410,10,2006,66.0,1031.0,StoneBr,1Fam,Y,BuiltIn,Gd,Ex,438780
780,780,5,1972,60.0,0.0,CollgCr,1Fam,Y,Detchd,TA,TA,124900
1158,1158,6,2004,63.0,0.0,SawyerW,1Fam,Y,Detchd,Gd,Gd,158000
1111,530,5,1920,60.0,0.0,IDOTRR,1Fam,N,Detchd,Fa,TA,101000
1370,1370,8,2006,44.0,178.0,NridgHt,TwnhsE,Y,Attchd,Gd,Gd,202500
1710,576,7,1921,50.0,0.0,OldTown,1Fam,Y,Detchd,TA,TA,140000
2034,1057,7,1997,,573.0,CollgCr,1Fam,Y,Attchd,Gd,Gd,219500
2473,1143,8,2004,76.0,344.0,NridgHt,1Fam,Y,BuiltIn,Gd,Ex,317000
2207,1947,7,1970,,287.0,NAmes,1Fam,Y,Attchd,TA,Gd,180000
1479,1453,7,2003,72.0,167.0,CollgCr,1Fam,Y,Attchd,Gd,Gd,226000
747,747,4,1945,47.0,0.0,OldTown,1Fam,Y,Attchd,TA,TA,80000
2287,1304,7,1953,81.0,0.0,ClearCr,1Fam,Y,Attchd,TA,TA,225000
2223,2223,7,1973,95.0,1115.0,NAmes,1Fam,Y,Attchd,TA,Gd,244000
845,845,4,1982,69.0,0.0,Mitchel,1Fam,Y,Detchd,TA,TA,129500
1718,832,7,1998,74.0,40.0,Gilbert,1Fam,Y,Attchd,TA,Gd,185000
1086,1086,5,1954,85.0,104.0,NAmes,1Fam,Y,Attchd,TA,TA,144900
1605,840,3,1915,60.0,0.0,OldTown,1Fam,N,Detchd,TA,Fa,107400
988,462,4,1973,21.0,0.0,MeadowV,Twnhs,Y,BuiltIn,TA,Gd,91000
952,952,4,1956,,0.0,NAmes,1Fam,Y,Detchd,TA,TA,135750
1285,672,5,1948,50.0,0.0,BrkSide,1Fam,Y,Detchd,TA,TA,127000
1768,1768,4,1968,72.0,0.0,Sawyer,Duplex,N,,TA,TA,136500
1230,440,5,1910,60.0,0.0,OldTown,1Fam,Y,Detchd,TA,TA,110000
2142,896,6,1968,100.0,576.0,NAmes,1Fam,Y,Attchd,Gd,Gd,193500
1337,1237,6,1998,32.0,443.0,Mitchel,TwnhsE,Y,Attchd,TA,Ex,153500
1563,1563,8,2007,78.0,468.0,Somerst,1Fam,Y,Attchd,Gd,Gd,245000
1065,1065,5,1960,80.0,66.0,NAmes,1Fam,Y,Detchd,TA,TA,126500
1474,384,7,1995,,22.0,Gilbert,1Fam,Y,BuiltIn,TA,Gd,168500
2417,1288,8,1991,121.0,284.0,NoRidge,1Fam,Y,Attchd,Gd,Gd,260000
1560,684,6,2005,122.0,0.0,Gilbert,1Fam,Y,BuiltIn,Gd,Gd,174000
1224,612,6,2009,40.0,76.0,Somerst,TwnhsE,Y,Detchd,Gd,Gd,164500
1526,1013,3,1915,105.0,0.0,IDOTRR,1Fam,N,,Fa,TA,85000
990,990,4,1994,60.0,0.0,CollgCr,1Fam,Y,,TA,Gd,123600
1040,0,4,1950,60.0,0.0,NAmes,1Fam,Y,Detchd,TA,,109900
1235,1235,5,1961,85.0,203.0,NAmes,1Fam,Y,Attchd,TA,TA,98600
964,876,5,1921,80.0,0.0,Crawfor,1Fam,Y,Detchd,TA,Gd,163500
2291,1214,6,1910,60.0,0.0,OldTown,2fmCon,N,Detchd,TA,TA,133900
1786,824,6,1997,69.0,0.0,CollgCr,1Fam,Y,Attchd,Gd,Gd,204750
1470,680,6,1993,,68.0,Gilbert,1Fam,Y,BuiltIn,TA,Gd,185000
1588,1588,7,1999,78.0,183.0,CollgCr,1Fam,Y,Attchd,Gd,Gd,214000
960,960,4,1965,73.0,48.0,Edwards,1Fam,Y,Attchd,TA,TA,94750
835,458,5,1920,85.0,0.0,Edwards,1Fam,N,Basment,TA,TA,83000
1225,950,4,1959,77.0,0.0,NAmes,1Fam,Y,,TA,TA,128950
1610,1610,6,1977,,28.0,NWAmes,1Fam,Y,Attchd,Gd,TA,205000
1732,741,6,1985,77.0,336.0,SawyerW,1Fam,Y,Attchd,Gd,Gd,178000
1535,0,5,1979,64.0,0.0,SawyerW,Duplex,Y,Attchd,TA,,118964
1226,1226,7,2009,94.0,0.0,CollgCr,1Fam,Y,Attchd,Gd,Gd,198900
1818,1040,7,1931,,600.0,IDOTRR,1Fam,Y,Detchd,TA,TA,169500
1992,1053,8,2003,75.0,768.0,Somerst,1Fam,Y,Attchd,Gd,Ex,250000
1047,641,4,1885,60.0,0.0,OldTown,1Fam,Y,Detchd,TA,Fa,100000
789,789,5,1948,50.0,0.0,OldTown,1Fam,Y,Detchd,TA,TA,115000
1517,793,5,1919,85.0,0.0,IDOTRR,1Fam,N,,Fa,TA,115000
1844,1844,6,1977,105.0,480.0,NWAmes,1Fam,Y,Attchd,TA,Gd,190000
1855,994,6,1954,75.0,0.0,Edwards,1Fam,Y,Attchd,TA,TA,136900
1430,384,7,2000,,0.0,Gilbert,1Fam,Y,BuiltIn,TA,Gd,180000
2696,1264,7,2007,77.0,220.0,CollgCr,1Fam,Y,BuiltIn,Ex,Ex,383970
2259,1809,6,1953,,184.0,Crawfor,1Fam,Y,Basment,Gd,Gd,217000
2320,1028,6,1945,61.0,0.0,Crawfor,1Fam,Y,Detchd,Gd,TA,259500
1458,729,6,1999,34.0,1129.0,Somerst,TwnhsE,Y,Detchd,TA,Gd,176000
1092,1092,5,1962,,116.0,Sawyer,1Fam,Y,Attchd,TA,TA,139000
1125,1125,5,2006,74.0,0.0,Edwards,1Fam,Y,Attchd,TA,Gd,155000
3222,1673,7,1990,90.0,0.0,SawyerW,1Fam,Y,Attchd,Gd,Gd,320000
1456,728,6,2005,65.0,0.0,CollgCr,1Fam,Y,Attchd,Gd,Gd,163990
988,938,6,1969,,0.0,ClearCr,1Fam,Y,Attchd,TA,TA,180000
1123,732,4,1939,50.0,0.0,IDOTRR,1Fam,Y,Detchd,TA,TA,100000
1080,1080,6,1958,75.0,135.0,NAmes,1Fam,Y,Attchd,TA,TA,136000
1199,1199,6,1993,55.0,0.0,SawyerW,TwnhsE,Y,Attchd,Gd,Gd,153900
1586,1362,6,1979,48.0,0.0,NWAmes,1Fam,Y,Attchd,TA,Gd,181000
754,520,6,1935,60.0,0.0,IDOTRR,2fmCon,N,,TA,TA,84500
958,1078,6,1976,,0.0,NPkVill,TwnhsE,Y,Attchd,TA,Gd,128000
840,672,5,1930,55.0,0.0,OldTown,1Fam,Y,,TA,TA,87000
1348,660,6,1966,69.0,266.0,NAmes,1Fam,Y,Attchd,TA,TA,155000
1053,1008,5,1958,69.0,85.0,NAmes,1Fam,Y,2Types,Ex,TA,150000
2157,924,7,1966,88.0,309.0,NAmes,1Fam,Y,Attchd,Gd,TA,226000
2054,992,6,2000,,40.0,Gilbert,1Fam,Y,BuiltIn,Gd,Gd,244000
1327,1063,5,1959,75.0,0.0,NAmes,1Fam,Y,Detchd,Gd,TA,150750
1296,1267,8,2001,,136.0,Timber,1Fam,Y,Attchd,Gd,Ex,220000
1721,1461,5,1968,78.0,0.0,Sawyer,1Fam,Y,Attchd,TA,TA,180000
1682,1304,7,1970,80.0,288.0,NWAmes,1Fam,Y,Attchd,TA,TA,174000
1214,1214,5,1967,,196.0,NAmes,1Fam,Y,Attchd,TA,TA,143000
1959,1907,7,1988,82.0,70.0,Mitchel,Duplex,Y,2Types,TA,TA,171000
1852,1004,8,1999,73.0,320.0,CollgCr,1Fam,Y,Attchd,Gd,Gd,230000
1764,928,6,1997,65.0,0.0,CollgCr,1Fam,Y,Attchd,Gd,Gd,231500
864,864,4,1971,70.0,0.0,NAmes,1Fam,Y,,TA,TA,115000
1734,1734,7,2005,78.0,0.0,CollgCr,1Fam,Y,Attchd,Gd,Gd,260000
1385,910,5,1952,71.0,0.0,NAmes,1Fam,Y,Detchd,TA,TA,166000
1501,1490,7,1999,78.0,183.0,CollgCr,1Fam,Y,Attchd,Gd,Gd,204000
1728,1728,5,1963,70.0,336.0,Sawyer,Duplex,Y,Detchd,TA,TA,125000
1709,970,6,2004,24.0,50.0,Edwards,Twnhs,Y,Detchd,Gd,Gd,130000
875,715,5,1931,51.0,0.0,BrkSide,1Fam,Y,Detchd,TA,TA,105000
2035,884,7,2001,,180.0,Gilbert,1Fam,Y,BuiltIn,Gd,Gd,222500
1080,1080,7,2004,63.0,120.0,SawyerW,1Fam,Y,,Gd,Gd,141000
1344,896,5,1936,,0.0,BrkSide,1Fam,Y,Detchd,TA,Gd,115000
969,969,5,1975,120.0,0.0,CollgCr,1Fam,Y,Attchd,TA,TA,122000
1710,1710,8,2007,107.0,436.0,NridgHt,1Fam,Y,Attchd,Gd,Ex,372402
1993,825,6,1971,,252.0,NWAmes,1Fam,Y,Attchd,TA,TA,190000
1252,1602,6,1960,,0.0,ClearCr,1Fam,Y,Attchd,TA,Gd,235000
1200,1200,6,1923,84.0,0.0,OldTown,1Fam,Y,Detchd,TA,TA,125000
1096,572,6,1924,60.0,0.0,Edwards,1Fam,N,,TA,TA,79000
1040,0,5,1950,60.0,0.0,NAmes,1Fam,Y,Detchd,TA,,109500
1968,774,8,2009,92.0,84.0,Timber,1Fam,Y,BuiltIn,Ex,Ex,269500
1947,991,7,2004,100.0,0.0,Somerst,1Fam,Y,Attchd,Gd,Gd,254900
2462,1392,7,2005,134.0,456.0,Gilbert,1Fam,Y,Attchd,Gd,Gd,320000
1232,1232,6,1984,,0.0,Veenker,1Fam,Y,Attchd,TA,Gd,162500
2668,1572,9,2003,110.0,664.0,NridgHt,1Fam,Y,BuiltIn,Ex,Ex,412500
1541,1541,7,2005,95.0,226.0,NridgHt,1Fam,Y,Attchd,Gd,Gd,220000
882,882,4,1956,55.0,0.0,OldTown,1Fam,Y,,TA,TA,103200
1616,1149,6,1926,40.0,0.0,OldTown,1Fam,Y,Detchd,Gd,TA,152000
1355,644,5,1940,62.0,0.0,Edwards,2fmCon,Y,,TA,TA,127500
1867,1617,5,1955,,0.0,ClearCr,1Fam,Y,Attchd,TA,TA,190000
2161,1582,8,2007,86.0,300.0,NridgHt,1Fam,Y,Attchd,Ex,Ex,325624
1720,840,7,2004,62.0,0.0,Gilbert,1Fam,Y,Attchd,Gd,Gd,183500
1707,1686,8,1981,,653.0,Timber,1Fam,Y,Attchd,TA,Gd,228000
1382,720,5,1941,,0.0,OldTown,1Fam,Y,Detchd,TA,TA,128500
1656,1080,6,1960,141.0,112.0,NAmes,1Fam,Y,Attchd,TA,TA,215000
1767,1064,7,1987,44.0,0.0,StoneBr,TwnhsE,Y,Attchd,Gd,Gd,239000
1362,1362,6,1961,80.0,491.0,NAmes,1Fam,Y,Attchd,TA,TA,163000
1651,1606,6,1986,47.0,132.0,Timber,1Fam,Y,Attchd,TA,Gd,184000
2158,1202,6,1950,84.0,0.0,Edwards,1Fam,Y,Attchd,Gd,TA,243000
2060,1151,6,1988,97.0,268.0,ClearCr,1Fam,Y,Attchd,TA,Gd,211000
1920,1052,5,1958,,0.0,Sawyer,1Fam,Y,Attchd,Gd,TA,172500
2234,2216,9,2008,63.0,748.0,StoneBr,1Fam,Y,Attchd,Ex,Ex,501837
968,968,5,1923,60.0,0.0,OldTown,1Fam,Y,Detchd,TA,TA,100000
1525,756,6,2000,,456.0,Somerst,Twnhs,Y,Detchd,Gd,Gd,177000
1802,793,7,1920,54.0,0.0,Crawfor,1Fam,Y,Detchd,TA,Fa,200100
1340,0,5,1957,60.0,98.0,Edwards,1Fam,Y,Attchd,TA,,120000
2082,1362,7,2003,63.0,0.0,OldTown,1Fam,Y,Detchd,Gd,Gd,200000
1252,504,5,1908,92.0,0.0,BrkSide,1Fam,Y,Attchd,TA,Fa,127000
3608,1107,10,1892,90.0,0.0,OldTown,1Fam,Y,Detchd,Ex,TA,475000
1217,1188,7,1990,,0.0,Mitchel,1Fam,Y,Attchd,Gd,Gd,173000
1656,660,5,1916,60.0,0.0,OldTown,1Fam,Y,Detchd,TA,Fa,135000
1224,1086,5,1979,64.0,275.0,SawyerW,Duplex,Y,Detchd,TA,Gd,153337
1593,1593,8,2001,41.0,0.0,StoneBr,TwnhsE,Y,Attchd,Ex,Ex,286000
2727,853,8,1932,70.0,0.0,Crawfor,1Fam,Y,Detchd,Gd,Gd,315000
1479,725,7,1972,,138.0,NAmes,1Fam,Y,Attchd,Gd,TA,184000
1431,1431,7,1999,68.0,0.0,CollgCr,1Fam,Y,Attchd,Gd,Gd,192000
1709,970,7,2004,24.0,50.0,Edwards,Twnhs,Y,Detchd,Gd,Gd,130000
864,864,5,1972,60.0,0.0,CollgCr,1Fam,Y,Detchd,TA,TA,127000
1456,855,6,1976,24.0,0.0,NPkVill,Twnhs,Y,Attchd,TA,Gd,148500
1726,1726,7,2007,79.0,205.0,Somerst,1Fam,Y,Attchd,Ex,Ex,311872
3112,1360,8,1918,174.0,0.0,NAmes,1Fam,Y,Detchd,Gd,TA,235000
2229,755,6,1912,92.0,0.0,OldTown,1Fam,Y,,TA,TA,104000
1713,1713,8,2004,76.0,262.0,NridgHt,1Fam,Y,Attchd,Ex,Ex,274900
1121,1121,4,2003,80.0,0.0,Edwards,1Fam,Y,Attchd,TA,Gd,140000
1279,1196,6,1977,75.0,0.0,Mitchel,1Fam,Y,Detchd,TA,TA,171500
1310,617,6,1924,50.0,0.0,OldTown,1Fam,Y,Attchd,TA,Fa,112000
848,848,6,2004,,205.0,CollgCr,TwnhsE,Y,Attchd,Gd,Gd,149000
1284,720,5,1947,50.0,0.0,OldTown,1Fam,Y,Detchd,TA,TA,110000
1442,1424,7,1990,99.0,0.0,Gilbert,1Fam,Y,Attchd,TA,Gd,180500
1696,1140,5,1962,40.0,0.0,Sawyer,1Fam,Y,Attchd,TA,TA,143900
1100,1100,4,1960,,0.0,NAmes,1Fam,Y,Attchd,TA,TA,141000
2062,1157,7,1988,,128.0,SawyerW,1Fam,Y,Attchd,TA,Gd,277000
1092,1092,6,1964,75.0,260.0,NAmes,1Fam,Y,Attchd,TA,Gd,145000
864,864,5,1925,67.0,0.0,Edwards,1Fam,N,,TA,TA,98000
1212,1212,6,2009,83.0,0.0,Edwards,1Fam,Y,Attchd,Gd,Gd,186000
1852,900,7,2009,72.0,0.0,Somerst,1Fam,Y,Attchd,Gd,Gd,252678
990,990,5,1995,43.0,0.0,CollgCr,1Fam,Y,Attchd,TA,Gd,156000
1392,689,6,1977,,153.0,CollgCr,1Fam,Y,Attchd,TA,Gd,161750
1236,1070,5,1957,72.0,64.0,NAmes,1Fam,Y,Attchd,Gd,TA,134450
1436,1436,7,2004,65.0,266.0,CollgCr,1Fam,Y,Attchd,Gd,Gd,210000
1328,686,4,1925,57.0,0.0,OldTown,1Fam,N,Detchd,TA,TA,107000
1954,798,7,1939,,312.0,Crawfor,1Fam,Y,Attchd,Gd,TA,311500
1248,1248,7,2005,43.0,16.0,Blmngtn,TwnhsE,Y,Attchd,Gd,Gd,167240
1498,1498,7,2006,73.0,0.0,CollgCr,1Fam,Y,Attchd,Gd,Gd,204900
2267,1010,6,2002,,0.0,Gilbert,1Fam,Y,BuiltIn,Gd,Gd,200000
1552,713,6,1975,85.0,0.0,NWAmes,1Fam,Y,Attchd,TA,Gd,179900
864,864,4,1971,70.0,0.0,NAmes,1Fam,Y,Detchd,TA,TA,97000
2392,2392,10,2003,103.0,922.0,NridgHt,1Fam,Y,Attchd,Ex,Ex,386250
1302,630,5,1971,21.0,142.0,BrDale,Twnhs,Y,Detchd,TA,TA,112000
2520,1203,7,1995,82.0,290.0,NoRidge,1Fam,Y,Attchd,Gd,Gd,290000
987,483,6,1970,21.0,127.0,BrDale,Twnhs,Y,Detchd,TA,TA,106000
912,912,5,1967,70.0,0.0,Sawyer,1Fam,Y,Detchd,TA,TA,125000
1555,1373,7,2005,43.0,16.0,Blmngtn,TwnhsE,Y,Attchd,Gd,Gd,192500
1194,1194,6,1959,73.0,220.0,NAmes,1Fam,Y,Attchd,TA,TA,148000
2794,1462,8,1995,174.0,506.0,NoRidge,1Fam,Y,Attchd,Ex,Gd,403000
987,483,6,1972,21.0,297.0,BrDale,Twnhs,Y,Attchd,TA,TA,94500
894,894,5,1976,75.0,0.0,CollgCr,1Fam,Y,Attchd,TA,TA,128200
1960,860,6,2002,,,Gilbert,1Fam,Y,BuiltIn,Gd,Gd,216500
987,483,6,1971,21.0,604.0,BrDale,TwnhsE,Y,Detchd,TA,TA,89500
1414,1414,7,2004,65.0,98.0,CollgCr,1Fam,Y,Attchd,Gd,Gd,185500
1744,996,7,1993,,0.0,SawyerW,1Fam,Y,Attchd,Gd,Gd,194500
1694,1694,8,2007,93.0,254.0,NridgHt,1Fam,Y,Attchd,Gd,Ex,318000
1487,735,6,1945,52.0,0.0,Edwards,1Fam,Y,Detchd,TA,TA,113000
1566,1566,8,2008,75.0,36.0,Somerst,1Fam,Y,Attchd,Gd,Gd,262500
866,686,5,1945,40.0,0.0,OldTown,1Fam,Y,,Gd,TA,110500
1440,540,5,1900,63.0,0.0,OldTown,1Fam,N,Attchd,TA,TA,79000
1217,626,6,1980,75.0,0.0,SawyerW,TwnhsE,Y,Attchd,TA,Gd,120000
2110,948,7,1994,,0.0,SawyerW,1Fam,Y,Attchd,Gd,Gd,205000
1872,1845,7,1988,80.0,102.0,NWAmes,1Fam,Y,Attchd,TA,Gd,241500
1928,1020,6,1910,69.0,0.0,OldTown,2fmCon,N,Detchd,Fa,Fa,137000
1375,1367,6,1954,75.0,0.0,NAmes,1Fam,Y,Attchd,TA,TA,140000
1668,840,7,2003,72.0,101.0,CollgCr,1Fam,Y,Attchd,Gd,Gd,180000
2144,1444,6,1958,,472.0,ClearCr,1Fam,Y,Attchd,Gd,Gd,277000
1306,728,3,1940,55.0,0.0,BrkSide,1Fam,Y,,Fa,TA,76500
1625,1573,8,2006,44.0,481.0,Crawfor,TwnhsE,Y,Attchd,Gd,Gd,235000
1640,798,6,2004,65.0,0.0,SawyerW,1Fam,Y,Attchd,Gd,Gd,173000
1302,1302,6,1964,85.0,108.0,NAmes,1Fam,Y,Attchd,Gd,Gd,158000
1314,1314,5,1957,70.0,0.0,NAmes,1Fam,Y,Attchd,TA,TA,145000
2291,975,7,1999,66.0,302.0,Gilbert,1Fam,Y,BuiltIn,Gd,Gd,230000
1728,864,6,2003,64.0,0.0,Somerst,1Fam,Y,Attchd,Gd,Gd,207500
1604,1604,7,2006,68.0,180.0,CollgCr,1Fam,Y,Attchd,Gd,Gd,220000
1792,963,7,2001,80.0,172.0,CollgCr,1Fam,Y,Attchd,Gd,Gd,231500
882,0,5,1956,70.0,0.0,OldTown,1Fam,Y,Detchd,TA,,97000
1382,1362,6,1962,120.0,399.0,NAmes,1Fam,Y,Attchd,TA,TA,176000
2574,1482,8,2007,69.0,270.0,CollgCr,1Fam,Y,BuiltIn,Ex,Ex,276000
1212,506,6,1977,88.0,46.0,Sawyer,1Fam,Y,Attchd,TA,Gd,151000
1316,926,5,1929,50.0,0.0,OldTown,1Fam,Y,Detchd,TA,TA,130000
764,680,5,1925,30.0,0.0,OldTown,1Fam,N,Detchd,TA,Fa,73000
1422,1422,6,1981,78.0,210.0,NWAmes,1Fam,Y,Attchd,Gd,Gd,175500
1511,802,6,1997,70.0,0.0,Gilbert,1Fam,Y,Attchd,TA,Gd,185000
2192,720,5,1939,60.0,0.0,SWISU,1Fam,Y,Detchd,Gd,TA,179500
778,740,5,1940,71.0,0.0,IDOTRR,1Fam,Y,Detchd,TA,TA,120500
1113,1143,6,1976,,174.0,Edwards,1Fam,Y,Attchd,TA,TA,148000
1939,1095,8,2006,84.0,0.0,Somerst,1Fam,Y,Attchd,Gd,Gd,266000
1363,1385,7,1954,73.0,0.0,ClearCr,1Fam,Y,Attchd,TA,Gd,241500
2270,1152,8,1999,92.0,348.0,NoRidge,1Fam,Y,Attchd,Gd,Gd,290000
1632,1240,6,1958,80.0,183.0,NAmes,1Fam,Y,Attchd,TA,TA,139000
816,816,5,1982,76.0,0.0,Mitchel,1Fam,Y,Attchd,TA,TA,124500
1548,952,7,1925,55.0,0.0,BrkSide,1Fam,N,Detchd,Ex,TA,205000
1560,1560,7,2003,129.0,0.0,Mitchel,1Fam,Y,Attchd,Gd,Ex,201000
864,864,4,1951,140.0,0.0,Gilbert,1Fam,Y,Detchd,TA,TA,141000
2121,2121,9,2006,107.0,315.0,NridgHt,1Fam,Y,Attchd,Ex,Ex,415298
2022,1160,7,1977,83.0,299.0,ClearCr,1Fam,Y,Attchd,TA,Gd,192000
1982,807,7,1989,82.0,340.0,SawyerW,1Fam,Y,Attchd,Gd,Gd,228500
1262,1262,6,2006,60.0,68.0,Somerst,1Fam,Y,Attchd,Gd,Gd,185000
1314,1314,7,2007,34.0,166.0,NridgHt,Twnhs,Y,Attchd,Gd,Gd,207500
1468,1468,8,2008,74.0,72.0,Somerst,1Fam,Y,Attchd,Gd,Gd,244600
1575,1575,6,1992,50.0,0.0,SawyerW,TwnhsE,Y,Attchd,Gd,Gd,179200
1250,625,7,2006,35.0,0.0,Somerst,TwnhsE,Y,Detchd,Gd,Gd,164700
1734,912,6,1962,77.0,0.0,NAmes,1Fam,Y,Attchd,Gd,TA,159000
858,858,4,1971,,0.0,NAmes,1Fam,Y,,TA,TA,88000
900,882,5,1967,,31.0,Sawyer,1Fam,Y,Detchd,TA,TA,122000
1396,698,6,1915,60.0,0.0,BrkSide,1Fam,Y,Detchd,TA,TA,153575
1919,1079,8,2006,120.0,0.0,CollgCr,1Fam,Y,Attchd,Gd,Gd,233230
1716,780,5,1912,55.0,0.0,SWISU,2fmCon,N,,Fa,TA,135900
1716,768,5,1949,60.0,0.0,Edwards,1Fam,Y,Attchd,TA,TA,131000
2263,795,7,1977,,34.0,NWAmes,1Fam,Y,Attchd,Gd,TA,235000
1644,1416,6,1953,80.0,238.0,NAmes,1Fam,Y,Attchd,TA,TA,167000
1003,1003,6,1984,37.0,0.0,Mitchel,1Fam,Y,Detchd,TA,TA,142500
1558,910,5,1950,75.0,0.0,IDOTRR,1Fam,Y,Attchd,TA,TA,152000
1950,975,7,1997,66.0,1600.0,Somerst,1Fam,Y,Detchd,Gd,Gd,239000
1743,702,6,1968,90.0,365.0,NWAmes,1Fam,Y,Attchd,TA,TA,175000
1152,1092,6,1950,80.0,0.0,Crawfor,1Fam,Y,Attchd,Gd,TA,158500
1336,1165,5,1953,90.0,56.0,Crawfor,2fmCon,Y,Attchd,TA,TA,157000
2452,1028,8,1998,66.0,0.0,CollgCr,1Fam,Y,BuiltIn,Gd,Gd,267000
1541,1541,7,2001,118.0,150.0,CollgCr,1Fam,Y,Attchd,Gd,Gd,205000
894,894,5,1972,70.0,0.0,CollgCr,1Fam,Y,Attchd,TA,TA,149900
3493,1470,7,1880,87.0,0.0,OldTown,1Fam,Y,Attchd,Gd,TA,295000
2000,2000,8,2004,80.0,246.0,CollgCr,1Fam,Y,Attchd,Gd,Gd,305900
2243,700,7,1990,116.0,246.0,SawyerW,1Fam,Y,Attchd,Gd,Gd,225000
1406,319,6,1920,,0.0,IDOTRR,1Fam,Y,,Fa,TA,89500
861,861,4,1940,,0.0,Edwards,1Fam,Y,Detchd,TA,TA,82500
1944,1896,9,2003,90.0,0.0,NridgHt,1Fam,Y,Attchd,Ex,Ex,360000
1501,697,6,1993,,112.0,Gilbert,1Fam,Y,Attchd,Gd,Gd,165600
972,972,6,1948,50.0,0.0,NAmes,1Fam,Y,Detchd,TA,TA,132000
1118,793,5,1939,65.0,0.0,OldTown,2fmCon,Y,Detchd,TA,Gd,119900
2036,2136,7,1965,150.0,0.0,Timber,1Fam,Y,Attchd,TA,Gd,375000
1641,728,7,1925,60.0,0.0,OldTown,1Fam,Y,Detchd,Ex,TA,178000
1432,716,7,2004,71.0,0.0,Gilbert,1Fam,Y,Attchd,Gd,Gd,188500
2353,845,7,1980,94.0,278.0,NWAmes,1Fam,Y,Attchd,Ex,Gd,260000
1959,1088,8,2006,75.0,0.0,Somerst,1Fam,Y,Attchd,Gd,Gd,270000
2646,1347,7,1993,90.0,256.0,NoRidge,1Fam,Y,Attchd,Gd,Gd,260000
1472,1372,7,1980,,225.0,NWAmes,1Fam,Y,Attchd,TA,Gd,187500
2596,1249,9,2006,111.0,370.0,NridgHt,1Fam,Y,Attchd,Gd,Ex,342643
2468,1136,8,2004,99.0,388.0,NridgHt,1Fam,Y,BuiltIn,Gd,Ex,354000
2730,1502,7,1986,86.0,172.0,SawyerW,1Fam,Y,Attchd,Gd,TA,301000
1163,1162,3,1955,49.0,0.0,OldTown,1Fam,Y,Attchd,TA,TA,126175
2978,710,7,1967,96.0,300.0,NAmes,1Fam,Y,BuiltIn,Gd,Gd,242000
803,720,5,1941,50.0,0.0,IDOTRR,1Fam,N,Detchd,TA,TA,87000
1719,1719,8,1993,32.0,0.0,Veenker,TwnhsE,Y,Attchd,Gd,Gd,324000
1383,1383,6,1960,80.0,175.0,NAmes,1Fam,Y,Attchd,TA,TA,145250
2134,844,6,1916,,0.0,BrkSide,1Fam,N,Detchd,Gd,TA,214500
1192,596,5,1920,60.0,0.0,IDOTRR,1Fam,N,Detchd,TA,TA,78000
1728,1728,5,1964,,84.0,NAmes,Duplex,Y,Detchd,TA,TA,119000
1056,1056,5,1958,70.0,0.0,NAmes,1Fam,Y,Attchd,TA,TA,139000
1629,3206,8,2003,85.0,296.0,NridgHt,1Fam,Y,Attchd,Gd,Gd,284000
1358,1358,7,2004,59.0,146.0,NridgHt,TwnhsE,Y,Attchd,Gd,Gd,207000
1638,943,6,1998,59.0,0.0,Gilbert,1Fam,Y,Attchd,TA,Gd,192000
1786,1499,5,1965,,0.0,Timber,2fmCon,Y,Attchd,TA,TA,228950
1922,1922,9,2005,86.0,200.0,StoneBr,1Fam,Y,Attchd,Gd,Ex,377426
1536,1536,7,2002,70.0,113.0,CollgCr,1Fam,Y,Attchd,Gd,Gd,214000
1621,1208,7,1984,91.0,0.0,NWAmes,1Fam,Y,Attchd,Gd,Gd,202500
1215,1215,6,1958,66.0,176.0,NAmes,1Fam,Y,Attchd,TA,TA,155000
1908,967,8,2002,85.0,0.0,Timber,1Fam,Y,Attchd,Gd,Gd,202900
841,721,4,1950,60.0,0.0,SawyerW,1Fam,Y,CarPort,TA,TA,82000
1040,0,3,1949,,340.0,NAmes,Duplex,N,Detchd,TA,,87500
1684,1684,9,2005,63.0,616.0,NridgHt,TwnhsE,Y,Attchd,Ex,Ex,266000
1112,536,5,1976,36.0,0.0,MeadowV,TwnhsE,Y,Attchd,TA,Gd,85000
1577,972,6,1939,65.0,0.0,BrkSide,1Fam,Y,Detchd,Fa,TA,140200
958,958,6,1960,,0.0,NAmes,1Fam,Y,Attchd,TA,TA,151500
1478,1478,6,1960,,30.0,NAmes,1Fam,Y,Attchd,TA,TA,157500
1626,764,7,2003,36.0,106.0,NridgHt,Twnhs,Y,BuiltIn,Gd,Gd,154000
2728,1848,9,2005,56.0,870.0,NridgHt,1Fam,Y,Attchd,Ex,Ex,437154
1869,1869,9,2007,68.0,362.0,NridgHt,TwnhsE,Y,Attchd,Ex,Ex,318061
1453,1453,7,1986,,0.0,ClearCr,1Fam,Y,Attchd,Gd,Gd,190000
1111,616,5,1941,60.0,0.0,Edwards,1Fam,N,Detchd,TA,TA,95000
720,624,6,1928,60.0,0.0,OldTown,1Fam,Y,Detchd,TA,TA,105900
1595,940,6,1940,60.0,0.0,SWISU,1Fam,Y,Attchd,TA,TA,140000
1200,1200,6,1995,105.0,0.0,CollgCr,1Fam,Y,Attchd,Gd,Gd,177500
1167,1158,6,1992,,106.0,Gilbert,1Fam,Y,Attchd,Gd,Gd,173000
1142,1142,5,1976,44.0,0.0,MeadowV,TwnhsE,Y,Attchd,TA,Gd,134000
1352,1062,5,1958,92.0,120.0,ClearCr,1Fam,Y,BuiltIn,Gd,TA,130000
1924,1086,8,1998,78.0,530.0,NoRidge,1Fam,Y,Attchd,Gd,Gd,280000
912,888,6,1978,,0.0,Mitchel,1Fam,Y,Attchd,TA,Gd,156000
1505,883,5,1940,,0.0,BrkSide,1Fam,Y,Detchd,TA,TA,145000
1922,0,7,2003,64.0,500.0,Edwards,1Fam,Y,BuiltIn,Gd,,198500
987,483,6,1972,21.0,510.0,BrDale,Twnhs,Y,Detchd,Gd,TA,118000
1574,796,6,1976,,120.0,NWAmes,1Fam,Y,Attchd,TA,Gd,190000
1344,672,5,1920,59.0,0.0,IDOTRR,1Fam,Y,Detchd,TA,TA,147000
1394,1394,6,1963,,247.0,NAmes,1Fam,Y,Attchd,TA,Gd,159000
1431,1099,6,1962,101.0,305.0,NAmes,1Fam,Y,Basment,TA,Gd,165000
1268,1268,5,1954,78.0,200.0,NAmes,1Fam,Y,Attchd,TA,TA,132000
1287,1063,5,1959,,0.0,NAmes,1Fam,Y,Detchd,Gd,TA,162000
1664,953,6,2000,,0.0,Gilbert,1Fam,Y,Attchd,TA,Gd,172400
1588,0,4,1959,80.0,0.0,ClearCr,1Fam,Y,Detchd,TA,,134432
752,744,6,1984,50.0,0.0,SawyerW,TwnhsE,Y,Attchd,TA,Gd,125000
1319,608,5,1953,79.0,0.0,NAmes,1Fam,Y,Attchd,TA,TA,123000
1928,847,7,2003,65.0,0.0,CollgCr,1Fam,Y,BuiltIn,Gd,Gd,219500
904,683,1,1922,,0.0,Edwards,1Fam,N,,Fa,Fa,61000
914,870,5,1996,57.0,0.0,CollgCr,1Fam,Y,Detchd,TA,Gd,148000
2466,1580,8,2004,102.0,0.0,Somerst,1Fam,Y,Attchd,Gd,Gd,340000
1856,1856,9,2010,88.0,350.0,StoneBr,1Fam,Y,Attchd,Ex,Ex,394432
1800,982,6,2000,60.0,16.0,Gilbert,1Fam,Y,Attchd,TA,Gd,179000
1691,1026,5,1924,50.0,0.0,SWISU,1Fam,Y,Detchd,Gd,TA,127000
1301,1293,7,2006,60.0,0.0,Somerst,1Fam,Y,Attchd,Gd,Gd,187750
1797,939,7,2006,79.0,0.0,CollgCr,1Fam,Y,Attchd,Gd,Gd,213500
784,784,6,1928,60.0,0.0,SawyerW,1Fam,N,Detchd,TA,Fa,76000
1953,1580,6,1992,,0.0,ClearCr,1Fam,Y,Attchd,Gd,Gd,240000
1269,1256,8,2004,43.0,16.0,Blmngtn,TwnhsE,Y,Attchd,Gd,Gd,192000
1184,658,5,1910,58.0,0.0,Edwards,1Fam,Y,,TA,TA,81000
1125,1041,6,1976,72.0,255.0,Edwards,1Fam,Y,Detchd,TA,TA,125000
1479,1468,7,1999,93.0,125.0,CollgCr,1Fam,Y,Attchd,Gd,Gd,191000
2332,1682,10,2007,96.0,272.0,NridgHt,1Fam,Y,BuiltIn,Ex,Ex,426000
1367,861,5,1900,50.0,0.0,Edwards,1Fam,Y,Detchd,TA,TA,119000
1961,804,6,2001,71.0,0.0,Mitchel,1Fam,Y,BuiltIn,Gd,Ex,215000
882,0,5,1959,,0.0,NAmes,1Fam,Y,Attchd,TA,,106500
788,788,4,1941,,0.0,BrkSide,1Fam,Y,,TA,TA,100000
1034,735,5,1940,60.0,0.0,OldTown,1Fam,Y,Detchd,TA,TA,109000
1144,1144,5,1956,68.0,0.0,Edwards,1Fam,Y,Attchd,TA,TA,129000
894,894,5,1972,60.0,0.0,CollgCr,1Fam,Y,Detchd,TA,TA,123000
1812,864,5,1962,69.0,288.0,NAmes,1Fam,Y,Attchd,TA,TA,169500
1077,961,5,1920,60.0,0.0,IDOTRR,1Fam,Y,Detchd,TA,Fa,67000
1550,1092,7,2006,65.0,100.0,Somerst,1Fam,Y,Attchd,Gd,Gd,241000
1288,1260,8,1996,38.0,0.0,Veenker,TwnhsE,Y,Attchd,Ex,Gd,245500
1310,1310,7,2005,65.0,0.0,CollgCr,1Fam,Y,Attchd,Gd,Gd,164990
672,672,5,1940,60.0,0.0,Sawyer,1Fam,Y,Detchd,TA,TA,108000
2263,1141,8,1998,93.0,650.0,NoRidge,1Fam,Y,BuiltIn,Gd,Gd,258000
1572,806,6,1995,,0.0,Gilbert,1Fam,Y,BuiltIn,TA,Gd,168000
1620,1281,4,1976,,0.0,Sawyer,1Fam,Y,Attchd,TA,TA,150000
1639,1064,6,1936,51.0,0.0,SWISU,1Fam,Y,Detchd,TA,TA,115000
1680,840,6,1915,63.0,0.0,Crawfor,1Fam,Y,Attchd,TA,Gd,177000
2172,1063,7,2006,109.0,350.0,NridgHt,1Fam,Y,Attchd,Gd,Ex,280000
2078,1034,8,2007,85.0,100.0,Somerst,1Fam,Y,Attchd,Ex,Ex,339750
1276,1276,5,1958,68.0,0.0,Edwards,1Fam,Y,Attchd,TA,TA,60000
1056,1056,5,1955,100.0,0.0,Gilbert,2fmCon,N,Attchd,TA,TA,145000
1478,1470,7,2009,,432.0,Somerst,1Fam,Y,Attchd,Gd,Ex,222000
1028,1008,5,1927,56.0,0.0,OldTown,1Fam,Y,Detchd,TA,TA,115000
2097,1080,7,1993,59.0,0.0,SawyerW,1Fam,Y,Attchd,Gd,Gd,228000
1340,1340,7,2007,73.0,0.0,Gilbert,1Fam,Y,Attchd,Gd,Gd,181134
1400,672,6,1978,74.0,203.0,Sawyer,1Fam,Y,Attchd,TA,TA,149500
2624,1370,6,1918,86.0,0.0,Crawfor,1Fam,N,Detchd,TA,Gd,239000
1134,756,5,1940,60.0,0.0,Edwards,1Fam,N,Detchd,TA,TA,126000
1056,1056,5,1968,65.0,0.0,NAmes,1Fam,Y,Attchd,TA,TA,142000
1344,1344,7,1997,78.0,200.0,Mitchel,Duplex,Y,Attchd,TA,Gd,206300
1602,1602,6,1977,,126.0,NWAmes,1Fam,Y,Attchd,Gd,Gd,215000
988,988,5,1954,100.0,0.0,Mitchel,1Fam,Y,Attchd,TA,TA,113000
2630,1470,8,1998,80.0,473.0,NoRidge,1Fam,Y,Attchd,Gd,Gd,315000
1196,1196,6,1956,72.0,74.0,NAmes,1Fam,Y,Attchd,TA,Gd,139000
1389,651,7,1946,60.0,0.0,OldTown,1Fam,Y,Detchd,TA,TA,135000
1644,1518,7,1989,,145.0,SawyerW,1Fam,Y,Attchd,Gd,Gd,275000
907,907,4,1957,77.0,0.0,NAmes,1Fam,Y,Detchd,TA,TA,109008
1208,1208,7,2007,64.0,108.0,CollgCr,1Fam,Y,Attchd,Gd,Gd,195400
1412,1392,6,1988,130.0,0.0,Timber,1Fam,Y,Attchd,Gd,Gd,175000
987,483,6,1971,21.0,232.0,BrDale,Twnhs,Y,Detchd,TA,TA,85400
1198,901,6,1920,60.0,0.0,OldTown,1Fam,Y,,TA,TA,79900
1365,765,5,1971,24.0,376.0,BrDale,TwnhsE,Y,Detchd,TA,TA,122500
1604,926,6,1997,100.0,0.0,Gilbert,1Fam,Y,Attchd,TA,Gd,181000
630,630,4,1972,21.0,0.0,MeadowV,Twnhs,Y,,TA,Gd,81000
1661,799,7,1996,43.0,0.0,CollgCr,1Fam,Y,Attchd,Gd,Gd,212000
1118,648,6,1920,40.0,0.0,OldTown,1Fam,Y,Detchd,TA,Fa,116000
904,884,6,1926,50.0,0.0,BrkSide,1Fam,Y,Detchd,TA,TA,119000
694,440,5,1913,40.0,0.0,Crawfor,1Fam,N,Detchd,Gd,TA,90350
1196,684,6,1920,67.0,0.0,Edwards,1Fam,Y,Detchd,Gd,TA,110000
2402,3094,10,2008,105.0,200.0,NridgHt,1Fam,Y,Attchd,Ex,Ex,555000
1440,1440,4,1955,92.0,270.0,Edwards,Duplex,N,,Fa,TA,118000
1573,1078,5,1930,52.0,0.0,BrkSide,1Fam,Y,Detchd,TA,TA,162900
1258,1258,7,2006,53.0,72.0,Blmngtn,TwnhsE,Y,Attchd,Gd,Ex,172500
1908,915,7,1994,70.0,0.0,CollgCr,1Fam,Y,Attchd,Gd,Gd,210000
1689,1436,6,1956,73.0,0.0,Edwards,1Fam,Y,Attchd,TA,TA,127500
1888,1517,6,1966,137.0,0.0,NAmes,1Fam,Y,Attchd,Gd,TA,190000
1886,930,7,1998,,0.0,Gilbert,1Fam,Y,Attchd,Gd,Gd,199900
1376,780,6,1937,50.0,0.0,IDOTRR,1Fam,Y,Detchd,TA,TA,119500
1183,649,3,1948,50.0,0.0,OldTown,1Fam,Y,Detchd,TA,TA,120000
813,813,6,1930,70.0,0.0,OldTown,1Fam,Y,Detchd,Gd,TA,110000
1533,1533,7,1975,62.0,0.0,ClearCr,1Fam,Y,Attchd,Gd,Gd,280000
1756,872,6,1996,,42.0,Timber,1Fam,Y,Attchd,TA,Ex,204000
1590,768,8,2008,75.0,0.0,Somerst,1Fam,Y,Attchd,Gd,Gd,210000
1728,1728,5,1976,63.0,0.0,Mitchel,Duplex,Y,Detchd,TA,TA,188000
1242,1242,7,1973,80.0,320.0,NWAmes,1Fam,Y,Attchd,TA,TA,175500
1344,624,5,1916,34.0,0.0,OldTown,1Fam,N,Detchd,TA,TA,98000
1663,1364,4,1954,,0.0,ClearCr,1Fam,Y,Attchd,Gd,Gd,256000
1666,588,8,1925,,0.0,OldTown,1Fam,Y,Detchd,Gd,TA,161000
1203,709,5,1950,,161.0,BrkSide,1Fam,Y,Detchd,Gd,TA,110000
1935,832,8,2009,75.0,110.0,Somerst,1Fam,Y,BuiltIn,TA,Gd,263435
1135,560,7,1936,60.0,0.0,SWISU,1Fam,Y,Detchd,Gd,Gd,155000
864,864,5,1965,60.0,0.0,Sawyer,1Fam,Y,Detchd,TA,TA,62383
1660,715,6,1934,74.0,0.0,Crawfor,1Fam,Y,Detchd,TA,TA,188700
1040,1040,5,1978,60.0,136.0,CollgCr,1Fam,Y,,TA,Gd,124000
1414,1375,7,2004,,18.0,Blmngtn,TwnhsE,Y,Attchd,Gd,Gd,178740
1277,1277,7,1970,85.0,0.0,NAmes,1Fam,Y,Attchd,TA,TA,167000
1644,728,5,1942,79.0,224.0,NAmes,1Fam,Y,Attchd,Gd,TA,146500
1634,1626,8,2006,98.0,248.0,NridgHt,1Fam,Y,Attchd,Gd,Gd,250000
1710,832,6,1993,76.0,120.0,SawyerW,1Fam,Y,Attchd,Gd,Gd,187000
1502,1488,8,1985,,0.0,StoneBr,TwnhsE,Y,Attchd,Gd,Gd,212000
1969,808,7,1977,92.0,0.0,NWAmes,1Fam,Y,Attchd,TA,Gd,190000
1072,547,6,2005,35.0,80.0,Edwards,TwnhsE,Y,Basment,TA,Gd,148000
1976,1976,8,2006,110.0,304.0,NridgHt,1Fam,Y,Attchd,Gd,Ex,440000
1652,1494,8,2000,41.0,0.0,StoneBr,TwnhsE,Y,Attchd,Ex,Gd,251000
970,970,5,1963,80.0,0.0,Sawyer,1Fam,Y,Detchd,TA,TA,132500
1493,1478,6,1997,75.0,215.0,CollgCr,1Fam,Y,Attchd,Gd,Gd,208900
2643,2153,9,2006,105.0,772.0,NridgHt,1Fam,Y,BuiltIn,Ex,Gd,380000
1718,1705,8,2007,79.0,336.0,CollgCr,1Fam,Y,Attchd,Gd,Ex,297000
1131,907,4,1937,50.0,435.0,OldTown,1Fam,Y,Detchd,TA,Fa,89471
1850,1833,9,2004,98.0,378.0,NridgHt,1Fam,Y,Attchd,Gd,Ex,326000
1792,1792,9,2003,72.0,562.0,NridgHt,1Fam,Y,Attchd,Ex,Ex,374000
1826,910,7,1915,50.0,0.0,OldTown,1Fam,Y,Attchd,Ex,TA,155000
1216,1216,6,1998,32.0,116.0,Mitchel,Twnhs,Y,Attchd,TA,Ex,164000
999,999,5,1962,,0.0,Sawyer,1Fam,Y,Detchd,Gd,TA,132500
1113,1113,5,1950,80.0,0.0,NAmes,1Fam,Y,Attchd,Gd,TA,147000
1073,1073,5,1965,79.0,168.0,NAmes,1Fam,Y,Attchd,TA,TA,156000
1484,1484,5,1971,70.0,0.0,NWAmes,1Fam,Y,Attchd,TA,Gd,175000
2414,954,5,1900,60.0,0.0,OldTown,2fmCon,N,Attchd,TA,TA,160000
630,630,4,1970,21.0,0.0,MeadowV,Twnhs,Y,Attchd,Gd,Gd,86000
1304,264,5,1976,,0.0,MeadowV,TwnhsE,Y,BuiltIn,TA,Gd,115000
1578,806,6,1941,79.0,0.0,NAmes,1Fam,Y,Attchd,Fa,TA,133000
1456,728,6,2006,105.0,0.0,Gilbert,1Fam,Y,Attchd,TA,Gd,172785
1269,1269,5,1960,70.0,0.0,NAmes,1Fam,Y,Detchd,TA,TA,155000
886,190,5,1938,50.0,0.0,OldTown,1Fam,Y,Attchd,TA,Fa,91300
720,720,4,1920,60.0,0.0,IDOTRR,1Fam,N,,TA,TA,34900
3228,3200,8,1992,,0.0,NoRidge,1Fam,Y,Attchd,Gd,Gd,430000
1820,1026,7,1925,60.0,0.0,BrkSide,1Fam,Y,Detchd,TA,TA,184000
899,864,5,1967,65.0,89.0,Sawyer,1Fam,Y,Attchd,Gd,TA,130000
912,912,5,1958,70.0,0.0,NAmes,1Fam,Y,Attchd,TA,TA,120000
1218,672,6,1973,21.0,285.0,BrDale,Twnhs,Y,Detchd,TA,TA,113000
1768,866,7,2005,75.0,0.0,Somerst,1Fam,Y,Attchd,Gd,Gd,226700
1214,1214,5,1965,70.0,0.0,Edwards,1Fam,Y,Detchd,TA,TA,140000
1801,1501,7,1959,100.0,0.0,Crawfor,1Fam,Y,Attchd,TA,TA,289000
1322,855,6,1974,24.0,0.0,NPkVill,TwnhsE,Y,Attchd,TA,TA,147000
1960,960,5,1952,60.0,360.0,OldTown,Duplex,Y,Detchd,TA,TA,124500
1911,777,8,1993,80.0,125.0,SawyerW,1Fam,Y,Attchd,Gd,Gd,215000
1218,1218,6,2009,75.0,0.0,Somerst,1Fam,Y,Attchd,Gd,Gd,208300
1378,689,7,1928,60.0,0.0,OldTown,1Fam,Y,Detchd,Gd,TA,161000
1041,1041,5,1959,80.0,132.0,NAmes,1Fam,Y,Attchd,TA,TA,124500
1363,1008,5,1951,75.0,70.0,NAmes,1Fam,Y,CarPort,TA,TA,164900
1368,1368,7,2005,40.0,94.0,NridgHt,TwnhsE,Y,Attchd,Gd,Gd,202665
864,864,5,1958,70.0,0.0,NAmes,1Fam,Y,Detchd,TA,TA,129900
1080,1084,6,1983,71.0,0.0,Mitchel,1Fam,Y,Attchd,TA,TA,134000
789,768,5,1926,55.0,0.0,Crawfor,1Fam,N,Detchd,TA,TA,96500
2020,2006,10,2009,94.0,305.0,NridgHt,1Fam,Y,Attchd,Ex,Ex,402861
2119,689,6,1972,,333.0,NWAmes,1Fam,Y,Attchd,TA,TA,158000
2344,1264,7,1996,79.0,921.0,NoRidge,1Fam,Y,Attchd,Gd,Gd,265000
1796,794,6,1998,,0.0,CollgCr,1Fam,Y,Attchd,TA,Gd,211000
2080,1276,7,1926,53.0,0.0,Crawfor,1Fam,Y,Detchd,Gd,Gd,234000
1294,0,4,1900,60.0,0.0,OldTown,2fmCon,N,,TA,,106250
1244,1244,6,1957,90.0,0.0,NAmes,1Fam,Y,Attchd,TA,TA,150000
1664,1004,6,1947,50.0,0.0,BrkSide,1Fam,Y,Detchd,TA,TA,159000
4676,3138,10,2007,130.0,762.0,Edwards,1Fam,Y,BuiltIn,Ex,Ex,184750
2398,1379,7,1996,95.0,594.0,NoRidge,1Fam,Y,Attchd,Gd,Gd,315750
1266,1257,7,2005,62.0,0.0,Somerst,1Fam,Y,Attchd,Gd,Gd,176000
928,928,5,1956,70.0,0.0,NAmes,1Fam,Y,Attchd,TA,Gd,132000
2713,1452,9,2008,67.0,268.0,NridgHt,1Fam,Y,Attchd,Ex,Ex,446261
605,528,4,1920,58.0,0.0,Edwards,1Fam,Y,,TA,TA,86000
2515,2035,6,1957,,,Crawfor,1Fam,Y,Attchd,TA,TA,200624
1509,1461,6,1988,85.0,219.0,Timber,1Fam,Y,Attchd,Gd,Gd,175000
1362,611,6,1920,60.0,0.0,BrkSide,1Fam,Y,Detchd,TA,Fa,128000
827,0,5,1955,60.0,0.0,NAmes,1Fam,Y,Detchd,TA,,107500
334,0,1,1946,50.0,0.0,BrkSide,1Fam,N,,Fa,,39300
1414,707,8,2004,74.0,0.0,Gilbert,1Fam,Y,Attchd,Gd,Ex,178000
1347,1117,5,1910,70.0,0.0,Edwards,2fmCon,Y,,TA,Gd,107500
1724,880,7,1998,57.0,0.0,CollgCr,1Fam,Y,Attchd,Gd,Gd,188000
864,864,4,1972,,0.0,NAmes,1Fam,Y,Detchd,TA,TA,111250
1159,1051,5,1968,,188.0,Sawyer,1Fam,Y,Attchd,TA,TA,158000
1601,1581,8,2001,,479.0,CollgCr,1Fam,Y,Attchd,Gd,Gd,272000
1838,1838,9,2006,85.0,584.0,Timber,1Fam,Y,Attchd,Ex,Ex,315000
2285,969,8,2000,,72.0,NoRidge,1Fam,Y,BuiltIn,Gd,Gd,248000
1680,1650,7,1998,78.0,0.0,NWAmes,1Fam,Y,Attchd,Gd,Ex,213250
767,723,7,1998,34.0,182.0,NAmes,TwnhsE,Y,Attchd,TA,Gd,133000
1496,654,7,2006,58.0,0.0,Gilbert,1Fam,Y,Attchd,Gd,Gd,179665
2183,1204,7,1988,,178.0,NWAmes,1Fam,Y,Attchd,Gd,Gd,229000
1635,1065,6,1923,70.0,0.0,BrkSide,1Fam,Y,Detchd,TA,Gd,210000
768,768,5,1970,54.0,0.0,Mitchel,1Fam,Y,Detchd,TA,Gd,129500
825,825,5,1955,49.0,0.0,OldTown,1Fam,Y,Detchd,TA,TA,125000
2094,912,7,2003,75.0,0.0,Somerst,1Fam,Y,BuiltIn,Gd,Gd,263000
1069,1069,6,1977,53.0,0.0,NPkVill,TwnhsE,Y,Attchd,TA,Gd,140000
928,928,5,1957,50.0,0.0,OldTown,1Fam,Y,Attchd,TA,TA,112500
1717,1709,8,2006,87.0,250.0,NridgHt,1Fam,Y,Attchd,Gd,Ex,255500
1126,0,4,1949,67.0,0.0,Edwards,1Fam,Y,Detchd,Gd,,108000
2046,998,7,2003,85.0,292.0,NridgHt,1Fam,Y,BuiltIn,Gd,Gd,284000
1048,993,5,1922,58.0,0.0,BrkSide,1Fam,Y,Detchd,TA,TA,113000
1092,1092,5,1957,69.0,0.0,NAmes,1Fam,Y,Attchd,TA,TA,141000
1336,637,4,1920,60.0,0.0,IDOTRR,1Fam,Y,CarPort,TA,TA,108000
1446,729,7,1996,57.0,0.0,Gilbert,1Fam,Y,Attchd,TA,Gd,175000
1557,1374,7,2003,,18.0,Blmngtn,TwnhsE,Y,Attchd,Gd,Gd,234000
1392,1392,5,1957,,180.0,Sawyer,1Fam,Y,Detchd,TA,Gd,121500
1389,1389,5,1974,77.0,0.0,Mitchel,1Fam,Y,Attchd,TA,Gd,170000
996,996,5,1940,63.0,0.0,Edwards,1Fam,Y,,TA,TA,108000
1674,1163,6,1918,66.0,0.0,Edwards,1Fam,Y,Detchd,TA,Gd,185000
2295,1095,7,1992,,0.0,NoRidge,1Fam,Y,Attchd,Gd,Gd,268000
1647,806,6,1915,66.0,0.0,SWISU,1Fam,N,Detchd,Fa,Gd,128000
2504,1122,9,2005,77.0,245.0,StoneBr,1Fam,Y,BuiltIn,Ex,Gd,325000
1535,1517,7,2004,70.0,168.0,NridgHt,1Fam,Y,Attchd,Gd,Gd,214000
2132,1496,8,1983,79.0,0.0,SawyerW,1Fam,Y,BuiltIn,Gd,Gd,316600
943,943,5,1979,,0.0,NAmes,Duplex,Y,Detchd,TA,Gd,135960
1728,1728,5,1965,74.0,108.0,NAmes,Duplex,Y,Detchd,TA,TA,142600
864,864,6,1959,60.0,207.0,NAmes,1Fam,Y,Attchd,Gd,TA,120000
1692,846,7,2009,83.0,0.0,Timber,1Fam,Y,Attchd,Gd,Ex,224500
1430,384,7,2000,76.0,0.0,Gilbert,1Fam,Y,BuiltIn,TA,Gd,170000
1109,372,5,1971,70.0,82.0,NAmes,1Fam,Y,BuiltIn,TA,TA,139000
1216,832,5,1947,80.0,0.0,NAmes,1Fam,Y,Detchd,TA,TA,118500
1477,861,7,1928,52.0,0.0,SWISU,1Fam,Y,Detchd,TA,TA,145000
1320,1164,5,1966,96.0,97.0,Sawyer,1Fam,Y,Attchd,TA,TA,164500
1392,689,7,2007,34.0,0.0,Somerst,TwnhsE,Y,Detchd,Gd,Gd,146000
1795,1050,5,1954,81.0,335.0,OldTown,1Fam,N,Attchd,TA,TA,131500
1429,1144,6,1960,,85.0,NAmes,1Fam,Y,Attchd,Gd,TA,181900
2042,2042,8,2008,98.0,306.0,NridgHt,1Fam,Y,Attchd,Ex,Ex,253293
816,816,6,1990,81.0,104.0,Edwards,Duplex,Y,,TA,Gd,118500
2775,1237,10,1893,75.0,0.0,OldTown,1Fam,Y,Detchd,Gd,TA,325000
1573,884,4,1935,51.0,0.0,BrkSide,1Fam,Y,Detchd,Gd,TA,133000
2028,1868,8,2005,88.0,208.0,Timber,1Fam,Y,Attchd,Gd,Ex,369900
838,816,6,1918,55.0,0.0,BrkSide,1Fam,Y,Detchd,Fa,TA,130000
860,840,5,1982,74.0,0.0,Sawyer,1Fam,Y,Detchd,TA,TA,137000
1473,1437,5,1968,65.0,0.0,ClearCr,1Fam,Y,Attchd,Ex,TA,143000
935,742,5,1930,50.0,0.0,BrkSide,1Fam,Y,Detchd,TA,TA,79500
1582,770,7,2004,64.0,0.0,CollgCr,1Fam,Y,Attchd,Gd,Gd,185900
2296,1722,10,2008,97.0,420.0,NridgHt,1Fam,Y,BuiltIn,Ex,Ex,451950
816,816,5,1982,60.0,0.0,Mitchel,1Fam,Y,Detchd,TA,TA,138000
848,848,6,2003,,170.0,CollgCr,TwnhsE,Y,Attchd,Gd,Gd,140000
924,924,5,1975,88.0,0.0,CollgCr,1Fam,Y,Detchd,TA,Gd,110000
1826,1814,8,2005,69.0,238.0,StoneBr,1Fam,Y,Attchd,Gd,Gd,319000
1368,684,6,1910,60.0,0.0,OldTown,1Fam,N,Detchd,TA,TA,114504
1402,1258,7,2006,53.0,72.0,Blmngtn,TwnhsE,Y,Attchd,Gd,Ex,194201
1647,1430,5,1977,80.0,459.0,Crawfor,1Fam,Y,Attchd,Gd,Gd,217500
1556,716,6,1980,24.0,0.0,Blueste,Twnhs,Y,Attchd,TA,Gd,151000
1904,1058,8,2005,74.0,280.0,NridgHt,1Fam,Y,BuiltIn,Ex,Gd,275000
1375,780,6,1937,50.0,0.0,IDOTRR,1Fam,Y,Detchd,Gd,TA,141000
1915,908,8,1992,80.0,0.0,SawyerW,1Fam,Y,Attchd,Gd,Gd,220000
1200,600,7,2004,30.0,0.0,Somerst,TwnhsE,Y,Detchd,Gd,Gd,151000
1494,1494,7,2002,88.0,99.0,CollgCr,1Fam,Y,Attchd,Gd,Gd,221000
1986,768,7,1965,85.0,176.0,NAmes,1Fam,Y,Attchd,TA,TA,205000
1040,1040,5,1996,82.0,0.0,CollgCr,1Fam,Y,Detchd,Gd,Gd,152000
2008,896,5,1948,78.0,0.0,Edwards,1Fam,Y,Attchd,Ex,TA,225000
3194,965,8,1934,78.0,0.0,Crawfor,1Fam,Y,Basment,TA,Gd,359100
1029,1029,4,1961,61.0,192.0,Sawyer,1Fam,Y,Attchd,TA,TA,118500
2153,1440,9,2000,,204.0,CollgCr,1Fam,Y,Attchd,Ex,Ex,313000
1032,1032,6,1978,,233.0,NWAmes,1Fam,Y,Attchd,TA,Gd,148000
1872,1299,8,2001,,108.0,CollgCr,1Fam,Y,BuiltIn,Ex,Gd,261500
1120,1120,5,2007,70.0,0.0,Mitchel,1Fam,Y,,TA,Gd,147000
630,630,4,1972,21.0,0.0,MeadowV,TwnhsE,Y,,TA,Gd,75500
1054,936,6,1963,80.0,156.0,NAmes,1Fam,Y,Attchd,Gd,TA,137500
1509,783,6,2002,,0.0,Gilbert,1Fam,Y,Attchd,Gd,Gd,183200
832,832,6,1954,59.0,0.0,NAmes,1Fam,Y,Detchd,Gd,TA,105500
1828,1822,9,2007,90.0,452.0,NridgHt,1Fam,Y,Attchd,Gd,Ex,314813
2262,1482,8,2003,85.0,226.0,Timber,1Fam,Y,Attchd,Gd,Gd,305000
864,864,3,1914,45.0,0.0,Edwards,1Fam,N,,TA,TA,67000
2614,1522,6,1974,90.0,0.0,NWAmes,1Fam,Y,Attchd,TA,TA,240000
980,980,5,1977,71.0,153.0,Sawyer,1Fam,Y,Detchd,TA,TA,135000
1512,756,6,2000,,513.0,Somerst,TwnhsE,Y,Detchd,Gd,Gd,168500
1790,732,6,1972,80.0,288.0,NWAmes,1Fam,Y,Attchd,TA,TA,165150
1116,1116,6,1962,87.0,261.0,NAmes,1Fam,Y,Attchd,TA,TA,160000
1422,978,5,1960,,0.0,NAmes,1Fam,Y,Attchd,TA,TA,139900
1520,1156,6,1955,80.0,164.0,NAmes,1Fam,Y,Basment,TA,TA,153000
2080,1040,5,1969,70.0,192.0,NAmes,1Fam,Y,Attchd,Fa,Gd,135000
1350,1248,6,1964,82.0,259.0,NAmes,1Fam,Y,Attchd,TA,TA,168500
1750,636,5,1880,50.0,0.0,OldTown,1Fam,Y,Detchd,Ex,Fa,124000
1554,1554,8,2006,34.0,108.0,NridgHt,Twnhs,Y,Attchd,Gd,Gd,209500
1411,1386,7,1977,85.0,209.0,NWAmes,1Fam,Y,Attchd,TA,TA,82500
1056,1056,5,1954,80.0,0.0,NAmes,1Fam,Y,Attchd,TA,TA,139400
1056,1056,6,1980,64.0,0.0,OldTown,Duplex,Y,Detchd,TA,TA,144000
3395,1440,6,1914,60.0,0.0,SWISU,2fmCon,Y,,Fa,TA,200000
800,264,2,1936,51.0,0.0,BrkSide,1Fam,N,,Fa,TA,60000
1387,811,5,1954,50.0,0.0,OldTown,2fmCon,Y,BuiltIn,Gd,TA,93000
796,796,5,1910,67.0,0.0,Edwards,1Fam,Y,,TA,Fa,85000
1567,1520,8,2006,53.0,0.0,Blmngtn,TwnhsE,Y,Attchd,Ex,Gd,264561
1518,1518,8,2003,62.0,472.0,NridgHt,TwnhsE,Y,Attchd,Ex,Ex,274000
1929,1057,7,2001,,0.0,Somerst,1Fam,Y,Attchd,Gd,Gd,226000
2704,1952,8,1972,75.0,0.0,NAmes,1Fam,Y,Attchd,Ex,Gd,345000
1620,780,5,1969,80.0,263.0,NWAmes,1Fam,Y,Attchd,TA,TA,152000
1766,1766,9,2009,85.0,162.0,Somerst,1Fam,Y,Attchd,Ex,Ex,370878
981,981,6,1971,,0.0,NAmes,1Fam,Y,Detchd,TA,TA,143250
1048,0,5,1950,60.0,0.0,NAmes,1Fam,Y,Detchd,TA,,98300
1094,1094,6,1953,85.0,216.0,Edwards,1Fam,Y,Attchd,TA,TA,155000
1839,756,6,1966,70.0,351.0,NAmes,1Fam,Y,Attchd,TA,TA,155000
630,630,4,1970,21.0,0.0,MeadowV,Twnhs,Y,,TA,Gd,84500
1665,813,7,2007,65.0,,Somerst,1Fam,Y,Attchd,Gd,Gd,205950
1510,755,4,1940,60.0,0.0,Edwards,1Fam,Y,Detchd,TA,TA,108000
1716,880,7,1996,70.0,0.0,CollgCr,1Fam,Y,Attchd,Gd,Gd,191000
1469,756,6,1906,60.0,0.0,IDOTRR,1Fam,Y,Detchd,TA,TA,135000
2113,2109,8,1995,91.0,660.0,NoRidge,1Fam,Y,Attchd,Gd,Gd,350000
1092,525,6,1971,21.0,381.0,BrDale,Twnhs,Y,Detchd,TA,TA,88000
1053,1053,5,1959,72.0,54.0,NAmes,1Fam,Y,Attchd,Gd,TA,145500
1502,776,7,1931,60.0,0.0,Crawfor,1Fam,Y,Attchd,TA,Gd,149000
1458,912,6,1948,78.0,0.0,NAmes,1Fam,Y,Attchd,TA,TA,97500
1486,1486,5,1964,75.0,0.0,Edwards,1Fam,Y,Detchd,TA,TA,167000
1935,793,7,1976,,233.0,NWAmes,1Fam,Y,Attchd,TA,Gd,197900
2448,1629,8,1994,52.0,528.0,NoRidge,1Fam,Y,Attchd,Gd,Gd,402000
1392,1392,6,1968,120.0,216.0,NAmes,1Fam,Y,Attchd,TA,Fa,110000
1181,1138,4,1972,90.0,0.0,Edwards,1Fam,Y,Detchd,TA,Gd,137500
2097,2077,8,2005,49.0,0.0,Somerst,1Fam,Y,Attchd,Ex,Ex,423000
1936,1406,8,2000,106.0,40.0,Gilbert,1Fam,Y,Attchd,Gd,Gd,230500
2380,1021,6,1965,,113.0,NAmes,1Fam,Y,CarPort,TA,Gd,129000
1679,1408,6,1994,65.0,258.0,SawyerW,1Fam,Y,Attchd,Gd,Gd,193500
1437,1188,5,1956,,0.0,Sawyer,1Fam,Y,Detchd,TA,TA,168000
1180,700,4,1922,80.0,0.0,Crawfor,1Fam,Y,Detchd,Fa,Fa,137500
1476,738,6,2005,64.0,0.0,CollgCr,1Fam,Y,Attchd,Gd,Gd,173500
1369,672,6,1925,54.0,0.0,Edwards,1Fam,N,Detchd,TA,TA,103600
1208,1208,6,1977,,0.0,Veenker,1Fam,Y,Attchd,TA,Gd,165000
1839,1477,6,1957,110.0,106.0,Crawfor,1Fam,Y,Attchd,Gd,TA,257500
1136,1136,6,1965,80.0,0.0,NAmes,1Fam,Y,Attchd,TA,TA,140000
1441,855,6,1978,24.0,0.0,NPkVill,Twnhs,Y,Attchd,TA,TA,148500
1774,1095,4,1900,60.0,0.0,OldTown,1Fam,N,2Types,TA,TA,87000
792,768,5,1924,52.0,0.0,OldTown,1Fam,Y,Detchd,Gd,TA,109500
2046,2046,8,2008,80.0,464.0,StoneBr,1Fam,Y,Attchd,Gd,Ex,372500
988,988,5,1961,,57.0,Sawyer,1Fam,Y,Detchd,TA,TA,128500
923,923,6,1980,50.0,0.0,SawyerW,TwnhsE,Y,Attchd,TA,Gd,143000
1520,793,5,1932,55.0,0.0,SWISU,1Fam,Y,Detchd,TA,TA,159434
1291,1291,6,1996,,0.0,ClearCr,1Fam,Y,Attchd,Gd,Gd,173000
1668,1626,9,2002,90.0,215.0,CollgCr,1Fam,Y,Attchd,Gd,Gd,285000
1839,1195,7,1998,58.0,30.0,NoRidge,1Fam,Y,Attchd,TA,Gd,221000
2090,1190,7,1984,,0.0,StoneBr,TwnhsE,Y,Attchd,Gd,Gd,207500
1761,874,7,2007,84.0,0.0,Somerst,1Fam,Y,Attchd,Gd,Gd,227875
1102,551,7,2004,,0.0,Somerst,TwnhsE,Y,Detchd,Gd,Gd,148800
1419,1419,8,2007,60.0,0.0,StoneBr,1Fam,Y,Attchd,Gd,Gd,392000
1362,1362,6,2005,61.0,256.0,NridgHt,TwnhsE,Y,Attchd,Gd,Gd,194700
848,848,6,2004,,147.0,CollgCr,TwnhsE,Y,Attchd,Gd,Gd,141000
4316,2444,10,1994,104.0,1170.0,NoRidge,1Fam,Y,Attchd,Ex,Ex,755000
2519,1210,7,1989,42.0,293.0,Timber,1Fam,Y,Attchd,Gd,Gd,335000
1073,1073,5,1921,60.0,0.0,OldTown,1Fam,Y,Detchd,TA,TA,108480
1539,927,5,1936,51.0,0.0,BrkSide,1Fam,Y,Detchd,TA,TA,141500
1137,1112,6,1987,54.0,72.0,Timber,1Fam,Y,Attchd,Gd,Gd,176000
616,616,5,1921,50.0,0.0,BrkSide,1Fam,Y,Detchd,TA,TA,89000
1148,980,5,1952,57.0,0.0,Edwards,1Fam,Y,Detchd,TA,Ex,123500
894,894,5,1965,65.0,0.0,Sawyer,1Fam,Y,Detchd,TA,TA,138500
1391,1391,7,2004,59.0,0.0,Somerst,TwnhsE,Y,Attchd,Gd,Gd,196000
1800,1800,8,2002,85.0,630.0,Timber,1Fam,Y,Attchd,Gd,Ex,312500
1164,1164,7,1969,80.0,168.0,NWAmes,1Fam,Y,Attchd,TA,TA,140000
2576,1234,8,2006,82.0,466.0,StoneBr,1Fam,Y,BuiltIn,Ex,Ex,361919
1812,360,5,1900,76.0,0.0,OldTown,2fmCon,Y,Detchd,Gd,Gd,140000
1484,1473,7,2004,70.0,109.0,CollgCr,1Fam,Y,Attchd,Gd,Gd,213000
1092,0,4,1930,70.0,0.0,IDOTRR,2fmCon,N,,Fa,,55000
1824,1643,7,1971,,351.0,ClearCr,1Fam,Y,Attchd,Gd,Gd,302000
1324,1324,8,2006,48.0,176.0,NridgHt,TwnhsE,Y,Attchd,Gd,Gd,254000
1456,728,7,2007,65.0,0.0,Gilbert,1Fam,Y,Attchd,Gd,Gd,179540
904,876,5,1966,,41.0,Sawyer,1Fam,Y,Attchd,TA,TA,109900
729,270,3,1935,56.0,0.0,BrkSide,1Fam,Y,,TA,TA,52000
1178,859,4,1900,66.0,0.0,IDOTRR,1Fam,Y,Detchd,TA,TA,102776
1228,1228,8,1988,40.0,0.0,StoneBr,TwnhsE,Y,Attchd,Gd,Gd,189000
960,960,4,1970,60.0,160.0,BrkSide,2fmCon,N,Detchd,TA,TA,129000
1479,725,6,1976,,289.0,Sawyer,1Fam,Y,Attchd,Gd,TA,130500
1350,1064,6,1974,78.0,174.0,NWAmes,1Fam,Y,Attchd,TA,Gd,165000
2554,718,7,1890,60.0,0.0,OldTown,1Fam,Y,Detchd,TA,TA,159500
1178,1176,5,1973,80.0,0.0,NWAmes,1Fam,Y,Attchd,Gd,Gd,157000
2418,1311,7,1993,96.0,651.0,NoRidge,1Fam,Y,Attchd,Gd,Gd,341000
971,971,5,1969,69.0,0.0,CollgCr,1Fam,Y,Attchd,TA,Gd,128500
1742,1742,8,1985,,0.0,StoneBr,1Fam,Y,Attchd,Gd,Gd,275000
848,848,6,2004,,169.0,CollgCr,TwnhsE,Y,Attchd,Gd,Gd,143000
864,864,4,1970,70.0,0.0,NAmes,1Fam,Y,Detchd,TA,TA,124500
1470,941,4,1954,60.0,0.0,Edwards,1Fam,Y,Detchd,TA,TA,135000
1698,1698,9,2007,86.0,340.0,Edwards,1Fam,Y,Attchd,Ex,Ex,320000
864,864,4,1970,60.0,0.0,NAmes,1Fam,Y,Detchd,Gd,TA,120500
1680,880,6,1988,,260.0,Crawfor,1Fam,Y,Attchd,Gd,Gd,222000
1232,1232,7,2007,64.0,82.0,CollgCr,1Fam,Y,Attchd,Gd,Gd,194500
1776,1584,5,1958,85.0,95.0,NAmes,Duplex,Y,Detchd,TA,TA,110000
1208,780,4,1925,52.0,0.0,IDOTRR,1Fam,Y,Detchd,TA,TA,103000
1616,1595,8,1995,39.0,0.0,StoneBr,TwnhsE,Y,Attchd,Gd,Gd,236500
1146,868,7,2003,73.0,442.0,Timber,1Fam,Y,Attchd,Gd,Ex,187500
2031,1153,7,1998,75.0,202.0,CollgCr,1Fam,Y,Attchd,Gd,Gd,222500
1144,864,5,1961,80.0,0.0,Sawyer,1Fam,Y,Attchd,TA,TA,131400
948,948,5,1968,,0.0,Sawyer,1Fam,Y,Attchd,TA,TA,108000
1768,880,7,1914,60.0,0.0,OldTown,1Fam,N,Detchd,TA,Gd,163000
1040,0,3,1950,60.0,0.0,NAmes,Duplex,N,Detchd,TA,,93500
1801,893,8,2005,72.0,0.0,Gilbert,1Fam,Y,Attchd,Gd,Gd,239900
1200,1200,5,1987,60.0,0.0,Edwards,Duplex,Y,,TA,Gd,179000
1728,864,7,2004,65.0,0.0,CollgCr,1Fam,Y,Attchd,Gd,Gd,190000
1432,264,5,1910,60.0,0.0,OldTown,1Fam,Y,Detchd,TA,Fa,132000
912,912,6,1961,65.0,0.0,Sawyer,1Fam,Y,Detchd,Gd,TA,142000
1349,1349,7,2000,65.0,108.0,SawyerW,1Fam,Y,Attchd,TA,Gd,179000
1464,520,5,1963,70.0,0.0,Sawyer,1Fam,Y,Attchd,TA,Gd,175000
1337,1337,8,1993,41.0,0.0,StoneBr,TwnhsE,Y,Attchd,Gd,Gd,180000
2715,1142,8,1976,,289.0,NWAmes,1Fam,Y,BuiltIn,Gd,TA,299800
2256,952,7,2000,,0.0,Gilbert,1Fam,Y,BuiltIn,Gd,Gd,236000
2640,1240,7,1880,65.0,0.0,OldTown,1Fam,N,Detchd,Gd,TA,265979
1720,1720,7,1996,59.0,338.0,NoRidge,1Fam,Y,Attchd,Gd,Gd,260400
1529,0,4,1945,50.0,0.0,Edwards,1Fam,N,Detchd,TA,,98000
1140,576,4,1910,55.0,0.0,OldTown,1Fam,Y,,TA,TA,96500
1320,660,7,2003,,0.0,Gilbert,1Fam,Y,Attchd,Gd,Gd,162000
1494,1479,6,1997,79.0,0.0,CollgCr,1Fam,Y,Attchd,Gd,Gd,217000
2098,1030,8,2005,80.0,178.0,NridgHt,1Fam,Y,Attchd,Ex,Gd,275500
1026,1026,6,1969,61.0,0.0,NAmes,1Fam,Y,Detchd,Gd,TA,156000
1471,729,6,1999,34.0,894.0,Somerst,TwnhsE,Y,Detchd,TA,Gd,172500
1768,866,8,2007,68.0,0.0,CollgCr,1Fam,Y,Attchd,Gd,Gd,212000
1386,672,6,1978,,328.0,Sawyer,1Fam,Y,Attchd,TA,TA,158900
1501,744,7,1999,24.0,360.0,Somerst,Twnhs,Y,Detchd,TA,Gd,179400
2531,1318,8,1995,65.0,513.0,NoRidge,1Fam,Y,Attchd,Gd,Gd,290000
864,864,6,1959,70.0,0.0,NAmes,1Fam,Y,Detchd,TA,TA,127500
1301,1145,5,1924,60.0,0.0,BrkSide,1Fam,Y,Detchd,Fa,TA,100000
1547,756,7,2009,72.0,0.0,Somerst,1Fam,Y,Attchd,Gd,Gd,215200
2365,1252,8,1999,82.0,673.0,NoRidge,1Fam,Y,Attchd,Gd,Gd,337000
1494,1494,8,1995,30.0,0.0,Veenker,TwnhsE,Y,Attchd,Ex,Gd,270000
1506,1498,9,2008,75.0,284.0,Somerst,1Fam,Y,Attchd,Ex,Gd,264132
1714,980,7,1988,80.0,42.0,NWAmes,1Fam,Y,Attchd,TA,Gd,196500
1750,983,6,1940,75.0,0.0,Mitchel,1Fam,Y,Attchd,TA,Gd,160000
1836,1860,7,2004,70.0,0.0,CollgCr,1Fam,Y,Attchd,Gd,Gd,216837
3279,1650,8,2003,47.0,603.0,StoneBr,1Fam,Y,BuiltIn,Ex,Gd,538000
858,858,5,1982,,0.0,Sawyer,1Fam,Y,Detchd,TA,Gd,134900
1220,836,4,1951,67.0,0.0,Edwards,1Fam,Y,Detchd,TA,Fa,102000
1117,1029,6,1976,94.0,0.0,Edwards,1Fam,Y,Detchd,TA,TA,107000
912,912,5,1958,70.0,1.0,NAmes,1Fam,Y,Attchd,TA,TA,114500
1973,1935,8,2006,110.0,375.0,NridgHt,1Fam,Y,Attchd,Gd,Gd,395000
1204,1204,6,1998,32.0,320.0,Mitchel,TwnhsE,Y,Attchd,TA,Ex,162000
1614,1614,7,2005,86.0,240.0,CollgCr,1Fam,Y,Attchd,Gd,Gd,221500
894,864,5,1974,100.0,0.0,Sawyer,1Fam,Y,Attchd,TA,TA,142500
2020,0,5,1977,60.0,320.0,SawyerW,Duplex,Y,Detchd,TA,,144000
1004,975,6,1977,78.0,90.0,Mitchel,Duplex,Y,Attchd,TA,Gd,135000
1253,1237,7,1995,63.0,38.0,Gilbert,1Fam,Y,Attchd,TA,Gd,176000
1603,761,6,1992,65.0,0.0,SawyerW,1Fam,Y,Attchd,Gd,Gd,175900
1430,1413,7,2001,67.0,0.0,CollgCr,1Fam,Y,Attchd,Gd,Gd,187100
1110,1097,5,1978,,104.0,Mitchel,1Fam,Y,Attchd,Gd,Gd,165500
1484,742,6,1914,35.0,0.0,OldTown,1Fam,Y,,TA,TA,128000
1342,1372,6,1967,,0.0,NWAmes,1Fam,Y,Attchd,TA,TA,161500
1652,686,5,1915,60.0,0.0,OldTown,1Fam,Y,Detchd,TA,Fa,139000
2084,956,7,2004,76.0,0.0,SawyerW,1Fam,Y,BuiltIn,Gd,Gd,233000
901,901,4,1954,50.0,0.0,OldTown,1Fam,Y,Detchd,TA,TA,107900
2087,832,6,1966,,157.0,ClearCr,1Fam,Y,Attchd,Gd,TA,187500
1145,1145,7,2005,43.0,11.0,Blmngtn,TwnhsE,Y,Attchd,Gd,Gd,160200
1062,1029,6,1976,,0.0,Mitchel,1Fam,Y,Attchd,TA,Gd,146800
2013,1117,7,1996,92.0,0.0,NoRidge,1Fam,Y,Attchd,TA,Gd,269790
1496,1496,8,2007,76.0,140.0,Somerst,1Fam,Y,Attchd,Gd,Gd,225000
1895,712,7,1994,,0.0,Gilbert,1Fam,Y,Attchd,Gd,Gd,194500
1564,650,6,1980,70.0,130.0,SawyerW,1Fam,Y,Attchd,TA,Gd,171000
1285,660,6,1977,71.0,148.0,Sawyer,1Fam,Y,Attchd,TA,TA,143500
773,773,5,1953,57.0,0.0,NAmes,1Fam,Y,Attchd,TA,TA,110000
3140,1926,9,2008,104.0,860.0,NridgHt,1Fam,Y,BuiltIn,Ex,Ex,485000
1768,731,5,1937,60.0,252.0,SWISU,1Fam,Y,Detchd,Gd,Gd,175000
1688,616,6,1997,79.0,0.0,ClearCr,1Fam,Y,Attchd,Gd,Gd,200000
1196,1196,4,1916,40.0,0.0,IDOTRR,1Fam,Y,Detchd,TA,TA,109900
1456,728,7,2005,63.0,0.0,CollgCr,1Fam,Y,Attchd,Gd,Gd,189000
2822,1734,9,2008,107.0,424.0,NridgHt,1Fam,Y,BuiltIn,Ex,Ex,582933
1128,936,5,1954,75.0,0.0,NAmes,1Fam,Y,Attchd,TA,TA,118000
1428,1417,7,2008,91.0,256.0,Somerst,1Fam,Y,Attchd,Ex,Gd,227680
980,980,5,1967,75.0,0.0,NAmes,1Fam,Y,Attchd,TA,TA,135500
1576,1324,5,1923,144.0,0.0,BrkSide,1Fam,Y,Attchd,Gd,TA,223500
1086,1024,5,1966,85.0,1047.0,NAmes,1Fam,Y,Attchd,TA,TA,159950
2138,849,5,1898,90.0,0.0,OldTown,1Fam,N,Detchd,TA,TA,106000
1309,1040,6,1974,78.0,99.0,NWAmes,1Fam,Y,Attchd,Gd,TA,181000
848,848,6,2004,,169.0,CollgCr,TwnhsE,Y,Attchd,Gd,Gd,144500
1044,540,5,1952,66.0,0.0,IDOTRR,1Fam,N,Basment,Fa,TA,55993
1442,1442,6,1958,75.0,243.0,NAmes,1Fam,Y,Attchd,TA,TA,157900
1250,686,5,1918,45.0,0.0,Edwards,1Fam,Y,Detchd,Fa,TA,116000
1661,1649,7,1998,48.0,442.0,CollgCr,1Fam,Y,Attchd,Gd,Gd,224900
1008,1008,5,1954,,0.0,NAmes,1Fam,Y,Attchd,TA,TA,137000
1689,1568,8,2002,,148.0,Mitchel,1Fam,Y,Attchd,Gd,Gd,271000
1052,1010,6,1971,80.0,80.0,ClearCr,1Fam,Y,Attchd,TA,TA,155000
1358,1358,7,2009,44.0,128.0,NridgHt,TwnhsE,Y,Attchd,Gd,Gd,224000
1640,798,7,2003,72.0,0.0,CollgCr,1Fam,Y,Attchd,Gd,Gd,183000
936,936,4,1953,60.0,0.0,OldTown,2fmCon,N,Detchd,TA,Fa,93000
1733,847,7,2003,,0.0,Gilbert,1Fam,Y,BuiltIn,Gd,Gd,225000
1489,778,6,1940,60.0,0.0,SWISU,1Fam,Y,Detchd,TA,TA,139500
1489,1489,8,2006,81.0,0.0,Somerst,1Fam,Y,Attchd,Gd,Gd,232600
2084,2078,10,2007,114.0,816.0,NridgHt,1Fam,Y,Attchd,Ex,Ex,385000
784,784,5,1924,50.0,0.0,BrkSide,1Fam,Y,,Gd,TA,109500
1434,1454,7,2001,65.0,0.0,SawyerW,1Fam,Y,Attchd,Gd,Gd,189000
2126,1013,5,1967,,0.0,ClearCr,1Fam,Y,Attchd,TA,TA,185000
1223,600,7,2005,24.0,0.0,Somerst,Twnhs,Y,Detchd,Gd,Gd,147400
1392,1392,6,1957,80.0,387.0,NAmes,1Fam,Y,Attchd,TA,TA,166000
1200,600,7,2005,30.0,0.0,Somerst,TwnhsE,Y,Detchd,Gd,Gd,151000
1829,941,7,2003,44.0,223.0,CollgCr,1Fam,Y,Attchd,Gd,Gd,237000
1516,1516,6,1964,100.0,180.0,NAmes,1Fam,Y,Attchd,TA,TA,167000
1144,1144,5,1961,75.0,136.0,NAmes,1Fam,Y,Attchd,TA,TA,139950
1067,1067,4,1950,60.0,0.0,Sawyer,1Fam,Y,Attchd,Gd,Gd,128000
1559,1559,5,1948,90.0,0.0,OldTown,1Fam,Y,Detchd,TA,TA,153500
987,483,6,1973,21.0,158.0,BrDale,Twnhs,Y,Detchd,TA,TA,100000
1099,1099,5,1995,75.0,0.0,CollgCr,1Fam,Y,Attchd,Gd,Gd,144000
1200,768,5,1946,70.0,0.0,Edwards,1Fam,Y,Detchd,TA,TA,130500
1482,672,6,1925,,0.0,SWISU,1Fam,N,Detchd,Fa,TA,140000
1539,650,5,1904,60.0,0.0,OldTown,1Fam,Y,Detchd,Gd,TA,157500
1165,1127,6,1966,82.0,183.0,NAmes,1Fam,Y,Attchd,TA,TA,174900
1800,1800,5,1961,80.0,0.0,NAmes,Duplex,N,,TA,TA,141000
1416,876,5,1915,100.0,0.0,OldTown,1Fam,Y,Detchd,TA,TA,153900
1701,1390,5,1975,,0.0,Sawyer,1Fam,Y,Basment,TA,Gd,171000
1775,740,7,1993,75.0,137.0,SawyerW,1Fam,Y,Attchd,Gd,Gd,213000
864,864,5,1972,36.0,0.0,CollgCr,1Fam,Y,Attchd,TA,TA,133500
2358,907,6,1908,75.0,0.0,ClearCr,1Fam,Y,Detchd,TA,TA,240000
1855,528,6,1976,80.0,360.0,Veenker,1Fam,Y,Attchd,TA,TA,187000
848,848,6,2003,36.0,170.0,CollgCr,TwnhsE,Y,Attchd,Gd,Gd,131500
1456,1273,8,2003,,40.0,Blmngtn,TwnhsE,Y,Attchd,Gd,Gd,215000
1646,918,7,1941,53.0,0.0,Crawfor,1Fam,Y,Detchd,TA,TA,164000
1445,1127,6,1964,,115.0,NAmes,1Fam,Y,Attchd,TA,TA,158000
1779,1763,5,1955,102.0,0.0,Sawyer,1Fam,Y,Attchd,TA,TA,170000
1040,1040,5,1962,,0.0,Sawyer,1Fam,Y,Detchd,TA,TA,127000
1026,940,6,1978,,0.0,CollgCr,1Fam,Y,Detchd,TA,Gd,147000
1481,702,6,1994,65.0,0.0,Gilbert,1Fam,Y,Attchd,TA,Gd,174000
1370,1090,7,1976,80.0,189.0,NWAmes,1Fam,Y,Attchd,TA,Gd,152000
2654,1054,6,1968,,220.0,NWAmes,1Fam,Y,Attchd,Gd,TA,250000
1426,912,7,1918,55.0,0.0,Crawfor,1Fam,Y,Detchd,Gd,TA,189950
1039,1039,5,1965,75.0,0.0,Sawyer,2fmCon,Y,Attchd,TA,TA,131500
1097,1040,6,1984,81.0,0.0,SawyerW,1Fam,Y,Attchd,TA,Gd,152000
1148,1148,5,1959,70.0,0.0,NAmes,1Fam,Y,Attchd,TA,TA,132500
1372,1372,7,2007,72.0,0.0,Somerst,1Fam,Y,Attchd,Gd,Ex,250580
1002,1002,5,1970,,76.0,NAmes,1Fam,Y,Detchd,TA,TA,148500
1646,1638,8,2006,67.0,274.0,Timber,1Fam,Y,Attchd,Gd,Gd,248900
1120,1040,4,1961,85.0,0.0,Sawyer,1Fam,Y,Attchd,Fa,TA,129000
2320,0,5,1948,,0.0,Gilbert,1Fam,Y,Attchd,TA,,169000
1949,1050,7,1993,80.0,246.0,SawyerW,1Fam,Y,Attchd,Gd,Gd,236000
894,894,5,1962,60.0,0.0,NAmes,1Fam,N,Detchd,TA,TA,109500
1682,804,6,1998,70.0,116.0,CollgCr,1Fam,Y,Attchd,Gd,Gd,200500
910,105,5,1953,74.0,0.0,NAmes,1Fam,Y,Attchd,Gd,TA,116000
1268,832,5,1949,60.0,0.0,NAmes,1Fam,Y,Attchd,TA,TA,133000
1131,676,5,1941,52.0,0.0,OldTown,1Fam,Y,Detchd,TA,TA,66500
2610,1184,8,2007,75.0,0.0,Somerst,1Fam,Y,BuiltIn,Ex,Gd,303477
1040,1064,4,1963,94.0,0.0,Mitchel,1Fam,Y,Attchd,TA,TA,132250
2224,1462,9,2004,74.0,216.0,NridgHt,1Fam,Y,Attchd,Ex,Ex,350000
1155,1109,5,1961,88.0,0.0,Sawyer,1Fam,Y,Detchd,Gd,TA,148000
864,864,5,1978,,90.0,CollgCr,1Fam,Y,Attchd,TA,TA,136500
1090,1090,5,2005,60.0,0.0,Edwards,1Fam,Y,Attchd,TA,Ex,157000
1717,1156,7,1990,44.0,117.0,Timber,1Fam,Y,Attchd,Gd,Gd,187500
1593,808,6,1992,,0.0,Gilbert,1Fam,Y,BuiltIn,TA,Gd,178000
2230,795,4,1912,60.0,0.0,SWISU,1Fam,N,Detchd,TA,TA,118500
892,892,5,1967,65.0,60.0,NAmes,1Fam,Y,Attchd,TA,TA,100000
1709,1698,9,1999,50.0,60.0,Somerst,TwnhsE,Y,Attchd,Gd,Ex,328900
1712,1626,5,1959,70.0,122.0,NAmes,Duplex,Y,Attchd,TA,TA,145000
1393,816,5,1955,59.0,0.0,Edwards,1Fam,Y,Attchd,TA,TA,135500
2217,2217,8,1970,95.0,0.0,NAmes,1Fam,Y,Attchd,Gd,TA,268000
1505,1505,6,1953,128.0,90.0,NAmes,1Fam,Y,Attchd,TA,TA,149500
924,672,5,1949,60.0,0.0,NAmes,1Fam,Y,Detchd,TA,TA,122900
1683,918,6,1978,70.0,92.0,Sawyer,1Fam,Y,Attchd,TA,TA,172500
1068,1059,6,1963,70.0,0.0,Sawyer,1Fam,Y,Attchd,TA,TA,154500
1383,1383,5,1954,,0.0,Sawyer,1Fam,Y,Attchd,TA,Gd,165000
1535,0,5,1979,64.0,0.0,SawyerW,Duplex,Y,Attchd,TA,,118858
1796,780,6,1963,71.0,415.0,NAmes,1Fam,Y,Attchd,TA,TA,140000
951,951,4,1936,50.0,0.0,IDOTRR,1Fam,N,Detchd,TA,TA,106500
2240,0,5,1979,64.0,0.0,SawyerW,Duplex,Y,Detchd,TA,,142953
2364,2330,9,2009,100.0,760.0,NridgHt,1Fam,Y,Attchd,Ex,Ex,611657
1236,912,5,1961,65.0,0.0,Sawyer,1Fam,Y,Attchd,TA,TA,135000
858,858,4,1971,,0.0,NAmes,1Fam,Y,Detchd,TA,TA,110000
1306,992,5,1957,64.0,0.0,NAmes,1Fam,Y,Detchd,TA,TA,153000
1509,783,7,2003,63.0,0.0,Gilbert,1Fam,Y,Attchd,Gd,Gd,180000
1670,1670,7,2006,50.0,27.0,Gilbert,1Fam,Y,Attchd,Gd,Gd,240000
902,876,5,1967,,75.0,Sawyer,1Fam,Y,Attchd,TA,TA,125500
1063,1056,5,1954,80.0,110.0,NAmes,1Fam,Y,Attchd,TA,TA,128000
1636,1623,8,2006,116.0,208.0,Somerst,1Fam,Y,Attchd,Gd,Gd,255000
2057,1017,7,1936,86.0,0.0,Crawfor,1Fam,Y,Attchd,Gd,Gd,250000
902,864,5,1983,,0.0,Mitchel,1Fam,Y,Attchd,TA,Gd,131000
1484,742,6,2005,149.0,0.0,Gilbert,1Fam,Y,Attchd,Gd,Gd,174000
2274,1105,5,1960,80.0,361.0,NAmes,Duplex,Y,Detchd,TA,TA,154300
1268,1268,5,1977,,0.0,CollgCr,1Fam,Y,Detchd,Gd,Gd,143500
1015,768,5,1925,51.0,0.0,BrkSide,1Fam,N,Detchd,TA,TA,88000
2002,1001,5,1949,82.0,0.0,Crawfor,Duplex,N,2Types,TA,TA,145000
1224,612,6,2009,30.0,76.0,Somerst,TwnhsE,Y,Detchd,Gd,Gd,173733
1092,546,4,1970,21.0,80.0,MeadowV,Twnhs,Y,Attchd,TA,TA,75000
480,480,2,1949,50.0,0.0,IDOTRR,1Fam,N,Detchd,TA,TA,35311
1229,1134,4,1956,,0.0,Edwards,1Fam,Y,Attchd,TA,TA,135000
2127,1104,7,1991,103.0,0.0,SawyerW,1Fam,Y,Attchd,Gd,Ex,238000
1414,1184,6,1958,87.0,0.0,NAmes,1Fam,Y,Attchd,TA,Gd,176500
1721,928,6,1994,70.0,105.0,SawyerW,1Fam,Y,Attchd,Gd,Gd,201000
2200,1272,5,1900,67.0,0.0,Edwards,Duplex,Y,,TA,TA,145900
1316,1316,6,2005,65.0,0.0,Gilbert,1Fam,Y,Attchd,Gd,Gd,169990
1617,1604,6,1993,50.0,0.0,SawyerW,TwnhsE,Y,Attchd,Gd,Gd,193000
1686,1686,6,1980,79.0,157.0,NWAmes,1Fam,Y,Attchd,TA,Gd,207500
1126,1126,5,1977,,0.0,NWAmes,1Fam,Y,Attchd,Ex,Gd,175000
2374,1181,8,2003,93.0,340.0,NridgHt,1Fam,Y,BuiltIn,Ex,Gd,285000
1978,832,7,1968,,342.0,NWAmes,1Fam,Y,Attchd,TA,TA,176000
1788,1753,8,2001,,0.0,CollgCr,1Fam,Y,Attchd,Ex,Gd,236500
2236,964,7,1997,,285.0,Gilbert,1Fam,Y,BuiltIn,Gd,Gd,222000
1466,1466,8,2007,73.0,0.0,Timber,1Fam,Y,Attchd,Gd,Gd,201000
925,925,5,1965,70.0,0.0,NAmes,1Fam,Y,Detchd,TA,TA,117500
1905,1905,9,2006,84.0,302.0,Somerst,1Fam,Y,Attchd,Ex,Ex,320000
1500,1500,7,2004,63.0,210.0,CollgCr,1Fam,Y,Attchd,Gd,Gd,190000
2069,585,7,1960,313.0,0.0,NAmes,1Fam,Y,Attchd,Gd,Gd,242000
747,600,4,1926,52.0,108.0,BrkSide,1Fam,Y,Detchd,TA,Fa,79900
1200,1176,7,2003,67.0,,SawyerW,1Fam,Y,Attchd,Gd,Gd,184900
1971,1113,7,2005,75.0,0.0,Somerst,1Fam,Y,Attchd,Gd,Gd,253000
1962,1391,7,2006,73.0,0.0,CollgCr,1Fam,Y,Attchd,Gd,Gd,239799
2403,1032,7,1940,,0.0,ClearCr,1Fam,Y,Attchd,TA,TA,244400
1728,1728,6,1976,55.0,0.0,Mitchel,Duplex,Y,Attchd,TA,TA,150900
2060,992,7,1999,,298.0,Gilbert,1Fam,Y,BuiltIn,Gd,Gd,214000
1440,1440,4,1977,42.0,0.0,Edwards,Duplex,Y,,TA,Gd,150000
1632,1632,5,1967,100.0,0.0,Mitchel,Duplex,Y,Attchd,TA,TA,143000
1344,819,6,1958,,541.0,Timber,1Fam,Y,Basment,Gd,TA,137500
1869,1088,5,1890,98.0,0.0,OldTown,1Fam,Y,Detchd,TA,TA,124900
1144,1144,5,1959,70.0,128.0,NAmes,1Fam,Y,Attchd,TA,TA,143000
1629,1616,8,2002,85.0,236.0,Timber,1Fam,Y,Attchd,Gd,Gd,270000
1776,936,7,2002,65.0,144.0,CollgCr,1Fam,Y,Attchd,Gd,Gd,192500
1381,1161,6,1972,78.0,0.0,NWAmes,1Fam,Y,Attchd,Gd,TA,197500
864,864,5,1950,60.0,0.0,NAmes,1Fam,Y,Detchd,Gd,TA,129000
965,828,5,1965,60.0,0.0,SawyerW,1Fam,Y,Detchd,TA,TA,119900
768,768,5,1972,60.0,0.0,CollgCr,1Fam,Y,Detchd,TA,Gd,133900
1968,784,5,1969,,232.0,Mitchel,1Fam,Y,Attchd,TA,TA,172000
980,945,6,1975,35.0,250.0,Edwards,Duplex,Y,,TA,Gd,127500
1958,979,6,1946,82.0,423.0,Crawfor,Duplex,N,Attchd,TA,Gd,145000
1229,561,6,1980,24.0,0.0,Blueste,TwnhsE,Y,Attchd,TA,Gd,124000
1057,1057,5,1962,70.0,0.0,Sawyer,1Fam,Y,Detchd,TA,TA,132000
1337,1337,7,2003,65.0,0.0,CollgCr,1Fam,Y,Attchd,Gd,Gd,185000
1416,696,7,1999,24.0,0.0,Somerst,Twnhs,Y,Detchd,Gd,Gd,155000
858,858,5,1958,50.0,0.0,BrkSide,1Fam,Y,,TA,TA,116500
2872,1330,6,1977,,424.0,NWAmes,1Fam,Y,Attchd,TA,Gd,272000
1548,804,6,1976,24.0,0.0,NPkVill,TwnhsE,Y,Detchd,Gd,Gd,155000
1800,1800,9,2007,122.0,0.0,CollgCr,1Fam,Y,Attchd,Ex,Ex,239000
1894,817,7,2002,80.0,44.0,Timber,1Fam,Y,BuiltIn,Gd,Gd,214900
1484,783,6,2005,65.0,0.0,Gilbert,1Fam,Y,Attchd,Gd,Gd,178900
1308,728,5,1940,130.0,0.0,Crawfor,1Fam,Y,Detchd,TA,TA,160000
1098,1098,5,1955,,151.0,NAmes,1Fam,Y,Attchd,TA,TA,135000
968,600,3,1910,50.0,0.0,OldTown,1Fam,N,,TA,TA,37900
1095,588,6,1958,75.0,105.0,NAmes,2fmCon,Y,Attchd,TA,TA,140000
1192,720,4,1949,60.0,0.0,NAmes,1Fam,N,,TA,TA,135000
1626,764,7,2003,36.0,106.0,NridgHt,Twnhs,Y,BuiltIn,Gd,Gd,173000
918,918,6,1979,55.0,0.0,SawyerW,TwnhsE,Y,Attchd,TA,Gd,99500
1428,1428,7,2007,95.0,,Somerst,1Fam,Y,Attchd,Gd,Gd,182000
2019,728,7,1910,60.0,0.0,BrkSide,1Fam,N,Detchd,Gd,Gd,167500
1382,673,7,2000,,0.0,Somerst,Twnhs,Y,Detchd,Gd,Gd,165000
869,440,4,1923,51.0,0.0,BrkSide,1Fam,Y,,Fa,Gd,85500
1241,1241,7,2006,35.0,,Somerst,TwnhsE,Y,Attchd,Gd,Gd,199900
894,894,4,1954,68.0,0.0,Edwards,1Fam,Y,Detchd,TA,TA,110000
1121,1121,5,1963,80.0,0.0,Sawyer,1Fam,Y,Detchd,TA,TA,139000
999,944,7,1961,,210.0,NAmes,1Fam,Y,Attchd,Ex,TA,178400
2612,1225,8,1998,98.0,975.0,NoRidge,1Fam,Y,Attchd,Gd,Gd,336000
1266,1266,7,2007,43.0,16.0,Blmngtn,1Fam,Y,Attchd,Gd,Gd,159895
2290,1128,8,2002,,0.0,CollgCr,1Fam,Y,Attchd,Gd,Gd,255900
1734,0,5,1977,75.0,0.0,Mitchel,Duplex,Y,Attchd,Gd,,126000
1164,1164,5,1950,68.0,0.0,Edwards,2fmCon,N,Detchd,TA,TA,125000
1635,485,6,1910,59.0,0.0,OldTown,1Fam,Y,Attchd,Gd,TA,117000
1940,1930,9,2009,83.0,450.0,NridgHt,1Fam,Y,Attchd,Ex,Ex,395192
2030,848,6,1976,,298.0,NWAmes,1Fam,Y,Attchd,Gd,TA,195000
1576,770,7,2006,65.0,0.0,Somerst,1Fam,Y,Attchd,Gd,Gd,197000
2392,1396,8,1997,82.0,423.0,NoRidge,1Fam,Y,Attchd,Gd,Gd,348000
1742,916,8,1882,121.0,0.0,OldTown,1Fam,Y,Attchd,Gd,TA,168000
1851,822,6,1964,80.0,340.0,NAmes,1Fam,Y,Attchd,Gd,TA,187000
1500,750,6,2005,68.0,0.0,CollgCr,1Fam,Y,Attchd,Gd,Gd,173900
1718,1700,10,2006,96.0,230.0,NridgHt,1Fam,Y,Attchd,Ex,Ex,337500
1230,747,4,1946,51.0,0.0,BrkSide,1Fam,Y,Detchd,TA,TA,121600
1050,1050,5,1961,,0.0,NAmes,1Fam,Y,Attchd,TA,TA,136500
1442,1442,6,1970,,571.0,NWAmes,1Fam,Y,Attchd,TA,TA,185000
1077,1007,3,1922,60.0,0.0,IDOTRR,1Fam,N,Detchd,TA,TA,91000
1208,1187,7,2006,64.0,24.0,CollgCr,1Fam,Y,Attchd,Gd,Gd,206000
944,0,3,1952,74.0,0.0,Edwards,1Fam,N,Detchd,Fa,,82000
691,691,5,1920,60.0,0.0,OldTown,1Fam,Y,Detchd,Ex,Fa,86000
1574,1574,8,2006,75.0,53.0,Somerst,1Fam,Y,Attchd,Gd,Gd,232000
1680,1680,5,1976,,164.0,NWAmes,Duplex,Y,Detchd,TA,TA,136905
1504,1346,7,2005,43.0,16.0,Blmngtn,TwnhsE,Y,Attchd,Gd,Gd,181000
985,985,5,1977,65.0,220.0,CollgCr,1Fam,Y,Attchd,TA,Gd,149900
1657,1657,6,1970,,0.0,NAmes,1Fam,Y,Attchd,TA,Gd,163500
1092,546,4,1970,21.0,0.0,MeadowV,TwnhsE,Y,Attchd,TA,TA,88000
1710,1710,7,2004,43.0,108.0,Mitchel,1Fam,Y,Attchd,Gd,Ex,240000
1522,1008,5,1926,60.0,0.0,SWISU,1Fam,Y,,TA,TA,102000
1271,720,5,1948,115.0,0.0,Sawyer,1Fam,Y,Attchd,TA,TA,135000
1664,0,5,1965,75.0,0.0,Edwards,Duplex,N,,TA,,100000
1502,602,6,1923,55.0,0.0,Crawfor,1Fam,Y,Detchd,Gd,TA,165000
1022,1022,5,1910,60.0,0.0,OldTown,1Fam,N,Detchd,TA,TA,85000
1082,1082,6,1948,60.0,206.0,NAmes,1Fam,Y,Detchd,TA,TA,119200
1665,810,8,2001,70.0,0.0,NWAmes,1Fam,Y,Attchd,Gd,Gd,227000
1504,1504,7,1996,73.0,196.0,CollgCr,1Fam,Y,Attchd,Gd,Gd,203000
1360,1220,8,1984,,0.0,StoneBr,TwnhsE,Y,Attchd,Gd,Gd,187500
1472,384,7,1991,,76.0,Gilbert,1Fam,Y,Attchd,Gd,Gd,160000
1506,1362,7,2005,43.0,145.0,Blmngtn,TwnhsE,Y,Attchd,Gd,Gd,213490
1132,1132,4,2005,60.0,0.0,Edwards,1Fam,Y,Attchd,Gd,Gd,176000
1220,1199,7,2006,64.0,84.0,CollgCr,1Fam,Y,Attchd,Gd,Gd,194000
1248,912,5,1930,52.0,0.0,OldTown,1Fam,Y,Detchd,TA,TA,87000
1504,1346,7,2005,43.0,14.0,Blmngtn,TwnhsE,Y,Attchd,Gd,Gd,191000
2898,1565,8,1976,,0.0,Timber,1Fam,Y,Attchd,Gd,Gd,287000
882,882,5,1972,70.0,0.0,CollgCr,1Fam,Y,Detchd,TA,TA,112500
1264,1268,5,1960,73.0,324.0,NAmes,1Fam,Y,Attchd,TA,TA,167500
1646,1638,8,2007,71.0,338.0,Timber,1Fam,Y,Attchd,Gd,Gd,293077
1376,768,5,1941,79.0,0.0,NAmes,1Fam,Y,Attchd,TA,TA,105000
1218,672,6,1972,21.0,281.0,BrDale,Twnhs,Y,Detchd,TA,TA,118000
1928,686,5,1916,,0.0,SWISU,2fmCon,Y,,TA,TA,160000
3082,824,7,1920,102.0,0.0,SWISU,1Fam,Y,Basment,TA,TA,197000
2520,1338,8,1993,,0.0,NoRidge,1Fam,Y,Attchd,Gd,Gd,310000
1654,1654,7,2002,,295.0,CollgCr,1Fam,Y,Attchd,Gd,Gd,230000
954,920,5,1938,50.0,0.0,Crawfor,1Fam,Y,Basment,Fa,Fa,119750
845,0,4,1957,,0.0,Edwards,1Fam,N,Detchd,TA,,84000
1620,1620,9,2007,89.0,70.0,Timber,1Fam,Y,Attchd,Ex,Ex,315500
2263,1055,8,2001,,396.0,CollgCr,1Fam,Y,BuiltIn,Gd,Gd,287000
1344,546,4,1970,21.0,0.0,MeadowV,Twnhs,Y,,TA,TA,97000
630,630,4,1970,21.0,0.0,MeadowV,TwnhsE,Y,Attchd,TA,Gd,80000
1803,1134,5,1957,88.0,67.0,Sawyer,1Fam,Y,Attchd,TA,TA,155000
1632,800,6,1966,,252.0,NWAmes,1Fam,Y,Attchd,Gd,TA,173000
1306,1306,6,2005,34.0,135.0,NridgHt,Twnhs,Y,Attchd,Gd,Gd,196000
2329,1475,7,1990,86.0,99.0,SawyerW,1Fam,Y,Attchd,Gd,Gd,262280
2524,2524,8,1981,80.0,0.0,NWAmes,1Fam,Y,Attchd,Gd,Gd,278000
1733,0,3,1955,,0.0,Edwards,1Fam,Y,Attchd,TA,,139600
2868,1992,9,2005,85.0,208.0,StoneBr,1Fam,Y,BuiltIn,Ex,Ex,556581
990,990,5,1994,57.0,0.0,CollgCr,1Fam,Y,Detchd,TA,Gd,145000
1771,0,5,1960,100.0,75.0,Mitchel,1Fam,Y,Attchd,TA,,115000
930,0,4,1946,60.0,0.0,Edwards,1Fam,Y,Detchd,Gd,,84900
1302,1302,7,2007,73.0,0.0,Gilbert,1Fam,Y,Attchd,Gd,Gd,176485
1316,1316,7,2007,103.0,0.0,CollgCr,1Fam,Y,Attchd,Gd,Gd,200141
1977,816,6,1964,100.0,272.0,NAmes,1Fam,Y,Attchd,TA,TA,165000
1526,1216,5,1957,68.0,145.0,Edwards,1Fam,Y,Basment,TA,TA,144500
1989,1065,8,2002,90.0,210.0,CollgCr,1Fam,Y,Attchd,Gd,Gd,255000
1523,1193,6,1976,104.0,160.0,NWAmes,1Fam,Y,Attchd,TA,Gd,180000
1364,1364,7,2005,43.0,240.0,NridgHt,TwnhsE,Y,Attchd,Gd,Gd,185850
1850,973,7,1994,,0.0,NoRidge,1Fam,Y,BuiltIn,Gd,Gd,248000
2184,1104,9,2008,96.0,154.0,NridgHt,1Fam,Y,Attchd,Ex,Ex,335000
1991,854,6,1932,,480.0,Crawfor,1Fam,Y,Detchd,TA,TA,220000
1338,1338,8,2001,41.0,0.0,StoneBr,TwnhsE,Y,Attchd,Gd,Gd,213500
894,894,3,1935,120.0,0.0,IDOTRR,1Fam,Y,Detchd,TA,TA,81000
2337,662,5,1900,85.0,0.0,OldTown,2fmCon,N,Detchd,TA,TA,90000
1103,1103,6,1925,50.0,0.0,OldTown,1Fam,Y,Detchd,Gd,TA,110500
1154,1154,5,1966,,200.0,NAmes,1Fam,Y,Attchd,TA,TA,154000
2260,1306,7,1996,80.0,0.0,ClearCr,1Fam,Y,Attchd,Gd,Ex,328000
1571,799,6,1993,59.0,0.0,Gilbert,1Fam,Y,Attchd,TA,Gd,178000
1611,780,6,1964,80.0,360.0,NAmes,1Fam,Y,Attchd,TA,TA,167900
2521,942,6,1973,42.0,0.0,MeadowV,TwnhsE,Y,Attchd,TA,Gd,151400
893,845,5,1949,60.0,0.0,NAmes,1Fam,Y,Detchd,Gd,TA,135000
1048,1048,5,1956,72.0,120.0,NAmes,1Fam,Y,Attchd,TA,TA,135000
1556,727,6,1968,78.0,0.0,NWAmes,1Fam,Y,Attchd,TA,TA,154000
1456,810,5,1948,50.0,0.0,Edwards,1Fam,Y,Detchd,TA,Fa,91500
1426,690,6,1977,75.0,140.0,Edwards,1Fam,Y,Attchd,TA,TA,159500
1240,1240,7,2006,74.0,0.0,CollgCr,1Fam,Y,Attchd,Gd,Gd,194000
1740,800,7,1940,75.0,0.0,Crawfor,1Fam,Y,Attchd,TA,TA,219500
1466,796,5,1936,60.0,0.0,OldTown,1Fam,Y,Attchd,Gd,Fa,170000
1096,1096,5,1969,,0.0,NAmes,1Fam,Y,Attchd,TA,TA,138800
848,848,6,2004,37.0,169.0,CollgCr,TwnhsE,Y,Attchd,Gd,Gd,155900
990,990,5,1994,65.0,0.0,CollgCr,1Fam,Y,Attchd,TA,Gd,126000
1258,1258,6,1971,80.0,144.0,NWAmes,1Fam,Y,Attchd,Gd,TA,145000
1040,1040,5,1963,75.0,0.0,Sawyer,1Fam,Y,Attchd,TA,TA,133000
1459,1459,7,2002,70.0,100.0,CollgCr,1Fam,Y,Attchd,Gd,Gd,192000
1251,1251,6,1964,80.0,425.0,NAmes,1Fam,Y,Attchd,TA,TA,160000
1498,691,6,1995,,0.0,Gilbert,1Fam,Y,Attchd,TA,Gd,187500
996,936,6,1992,73.0,0.0,SawyerW,1Fam,Y,Attchd,Gd,Gd,147000
1092,546,4,1973,,0.0,MeadowV,TwnhsE,Y,Attchd,TA,TA,83500
1953,1082,8,2005,85.0,0.0,Somerst,1Fam,Y,Attchd,Gd,Gd,252000
1709,970,7,2004,24.0,50.0,Edwards,Twnhs,Y,Detchd,Gd,Gd,137500
1247,1247,8,2005,37.0,0.0,Somerst,TwnhsE,Y,Attchd,Gd,Gd,197000
1040,0,3,1950,60.0,0.0,NAmes,Duplex,N,Detchd,TA,,92900
1252,600,7,1999,24.0,212.0,Somerst,Twnhs,Y,Detchd,Gd,Gd,160000
1694,1181,6,1925,60.0,0.0,SWISU,1Fam,Y,Detchd,TA,TA,136500
1200,864,5,1965,71.0,166.0,NAmes,1Fam,Y,Detchd,Gd,TA,146000
936,936,5,1956,74.0,0.0,NAmes,1Fam,Y,Attchd,TA,TA,129000
1314,1314,6,2006,78.0,0.0,CollgCr,1Fam,Y,Attchd,Gd,Gd,176432
1355,684,6,1914,60.0,0.0,IDOTRR,1Fam,Y,,Gd,TA,127000
1088,1074,8,1986,,0.0,StoneBr,TwnhsE,Y,Attchd,Gd,Gd,170000
1324,672,4,1936,50.0,0.0,BrkSide,1Fam,Y,Detchd,TA,TA,128000
1601,1271,7,1978,82.0,206.0,NWAmes,1Fam,Y,Attchd,TA,Gd,157000
438,290,2,1920,60.0,0.0,SWISU,1Fam,N,Detchd,Fa,TA,60000
950,950,5,1971,61.0,0.0,NAmes,1Fam,Y,Detchd,TA,TA,119500
1134,1010,5,1960,70.0,45.0,NAmes,1Fam,Y,Attchd,TA,TA,135000
1194,655,6,1959,79.0,0.0,NAmes,1Fam,Y,BuiltIn,TA,TA,159500
1302,630,5,1970,24.0,304.0,BrDale,TwnhsE,Y,Detchd,TA,TA,106000
2622,1463,8,1994,98.0,362.0,NoRidge,1Fam,Y,Attchd,Gd,Ex,325000
1442,910,7,1990,114.0,0.0,SawyerW,1Fam,Y,Attchd,Gd,Gd,179900
2021,868,7,2006,168.0,0.0,Gilbert,1Fam,Y,BuiltIn,Gd,Ex,274725
1690,924,6,2000,,0.0,Gilbert,1Fam,Y,Attchd,TA,Gd,181000
1836,1836,8,2004,107.0,42.0,NridgHt,1Fam,Y,Attchd,Gd,Ex,280000
1658,773,6,1995,,0.0,Gilbert,1Fam,Y,Attchd,TA,Gd,188000
1964,803,7,1976,80.0,660.0,NWAmes,1Fam,Y,Attchd,TA,TA,205000
816,816,5,1957,73.0,0.0,NAmes,1Fam,Y,Detchd,TA,TA,129900
1008,1008,5,1953,66.0,0.0,NAmes,1Fam,Y,Attchd,Gd,TA,134500
833,833,5,1954,90.0,0.0,OldTown,1Fam,Y,Detchd,Gd,TA,117000
1734,1734,8,2007,93.0,328.0,NridgHt,1Fam,Y,Attchd,Ex,Ex,318000
1419,408,8,2002,,0.0,Gilbert,1Fam,Y,BuiltIn,Gd,Gd,184100
894,894,5,1967,57.0,0.0,Sawyer,1Fam,Y,Attchd,Gd,TA,130000
1601,533,5,1958,85.0,0.0,Sawyer,1Fam,Y,BuiltIn,TA,TA,140000
1040,1040,5,1959,70.0,0.0,NAmes,1Fam,Y,Attchd,TA,TA,133700
1012,1012,6,1920,59.0,0.0,IDOTRR,1Fam,Y,Detchd,TA,TA,118400
1552,1552,7,2005,84.0,196.0,CollgCr,1Fam,Y,Attchd,Gd,Gd,212900
960,672,4,1956,,0.0,Edwards,1Fam,Y,Basment,TA,TA,112000
698,698,5,1947,50.0,0.0,Edwards,1Fam,Y,,TA,TA,118000
1482,384,7,1992,,170.0,Gilbert,1Fam,Y,Attchd,Gd,Gd,163900
1005,1005,4,1955,60.0,0.0,NAmes,1Fam,Y,Detchd,Fa,TA,115000
1555,1373,7,2007,53.0,130.0,Blmngtn,TwnhsE,Y,Attchd,Gd,Gd,174000
1530,1530,7,2004,182.0,0.0,Gilbert,1Fam,Y,Attchd,Gd,Gd,259000
1959,847,7,2004,59.0,0.0,Gilbert,1Fam,Y,BuiltIn,Gd,Gd,215000
936,936,5,1980,60.0,180.0,OldTown,Duplex,Y,Detchd,TA,Gd,140000
1981,1122,4,1928,65.0,0.0,SWISU,1Fam,Y,Detchd,Gd,TA,135000
974,974,5,1991,63.0,0.0,Mitchel,1Fam,Y,,TA,Gd,93500
2210,1008,6,1880,90.0,0.0,OldTown,1Fam,Y,Detchd,Fa,TA,117500
2020,1128,8,1995,80.0,0.0,SawyerW,1Fam,Y,Attchd,Gd,Gd,239500
1600,916,6,1997,57.0,0.0,Gilbert,1Fam,Y,Attchd,TA,Gd,169000
986,960,6,1926,60.0,0.0,BrkSide,1Fam,N,Detchd,TA,TA,102000
1252,1032,6,1950,80.0,0.0,NAmes,1Fam,Y,Attchd,TA,TA,119000
1020,780,5,1875,54.0,0.0,Sawyer,1Fam,N,,TA,TA,94000
1567,1567,6,1977,,0.0,Mitchel,1Fam,Y,Attchd,Gd,TA,196000
1167,915,5,1920,98.0,0.0,BrkSide,1Fam,Y,Detchd,TA,TA,144000
952,952,5,1951,60.0,0.0,NAmes,1Fam,Y,Detchd,TA,TA,139000
1868,780,5,1976,,44.0,NWAmes,1Fam,Y,Attchd,Gd,TA,197500
2828,1466,8,2006,77.0,340.0,CollgCr,1Fam,Y,BuiltIn,Gd,Ex,424870
1006,1006,5,1959,,0.0,Sawyer,1Fam,Y,,TA,TA,80000
924,672,4,1941,60.0,0.0,Edwards,2fmCon,N,Detchd,Fa,Gd,80000
1576,1042,5,1928,52.0,0.0,BrkSide,1Fam,Y,Detchd,TA,TA,149000
1298,1298,6,1985,,85.0,SawyerW,1Fam,Y,Attchd,Gd,Gd,180000
1564,704,7,1941,75.0,0.0,Crawfor,1Fam,Y,Attchd,Fa,TA,174500
1111,572,7,1926,,0.0,OldTown,1Fam,Y,Detchd,TA,TA,116900
1482,650,7,1920,50.0,0.0,OldTown,1Fam,Y,Detchd,TA,TA,143000
932,932,6,1950,57.0,0.0,NAmes,1Fam,Y,Attchd,Gd,TA,124000
1466,1466,5,1959,134.0,132.0,Edwards,1Fam,Y,Attchd,Fa,TA,149900
1811,1073,6,1956,90.0,0.0,Crawfor,1Fam,Y,Attchd,Ex,TA,230000
816,816,6,1930,,0.0,IDOTRR,1Fam,Y,Detchd,TA,TA,120500
1820,864,7,1965,,288.0,NAmes,1Fam,Y,Attchd,Gd,TA,201800
1437,1437,5,1976,90.0,0.0,Veenker,1Fam,Y,Attchd,Gd,Gd,218000
1265,1219,5,1965,85.0,0.0,NAmes,1Fam,Y,Attchd,Gd,TA,179900
1314,1314,7,2007,34.0,166.0,NridgHt,Twnhs,Y,Attchd,Gd,Gd,230000
1580,1580,8,2007,92.0,186.0,Somerst,1Fam,Y,Attchd,Gd,Gd,235128
1876,901,6,1974,76.0,270.0,NWAmes,1Fam,Y,Attchd,Gd,TA,185000
1456,855,6,1978,24.0,0.0,NPkVill,Twnhs,Y,Attchd,TA,Gd,146000
1640,1296,6,1954,,72.0,Crawfor,1Fam,Y,Detchd,Gd,TA,224000
894,894,5,1968,109.0,0.0,Sawyer,1Fam,Y,Attchd,TA,Gd,129000
1258,1198,4,1969,60.0,0.0,Sawyer,Duplex,Y,CarPort,TA,Gd,108959
1432,1360,5,1978,,0.0,Veenker,1Fam,Y,Attchd,Gd,Gd,194000
1502,1502,7,2009,79.0,268.0,NridgHt,1Fam,Y,Attchd,Gd,Gd,233170
1694,1694,8,2008,64.0,72.0,CollgCr,1Fam,Y,Attchd,Gd,Gd,245350
1671,959,6,2000,58.0,0.0,Gilbert,1Fam,Y,Attchd,TA,Gd,173000
2108,1127,6,1935,120.0,0.0,Edwards,1Fam,Y,Basment,Gd,TA,235000
3627,1930,10,1995,118.0,1378.0,NoRidge,1Fam,Y,Attchd,Gd,Ex,625000
1118,1096,6,1977,76.0,0.0,Mitchel,1Fam,Y,Attchd,TA,TA,171000
1261,1261,6,1958,76.0,0.0,NAmes,1Fam,Y,Attchd,TA,TA,163000
1250,625,7,2006,35.0,0.0,Somerst,TwnhsE,Y,Detchd,Gd,Gd,171900
3086,1598,5,1946,138.0,0.0,ClearCr,1Fam,Y,,Ex,TA,200500
2345,952,6,1932,80.0,0.0,Crawfor,1Fam,Y,Detchd,TA,Gd,239000
2872,1683,8,1992,85.0,337.0,NoRidge,1Fam,Y,Attchd,Gd,Gd,285000
923,876,5,1984,37.0,0.0,Mitchel,1Fam,Y,Attchd,TA,TA,119500
1224,818,6,1926,,0.0,OldTown,1Fam,Y,Detchd,TA,TA,115000
1343,731,5,1921,54.0,0.0,Crawfor,1Fam,Y,Detchd,TA,TA,154900
1124,0,5,1954,77.0,0.0,Edwards,1Fam,Y,,TA,,93000
2514,1216,7,1990,,0.0,Timber,1Fam,Y,Attchd,TA,Gd,250000
1652,1600,8,2008,64.0,186.0,Crawfor,TwnhsE,Y,Attchd,Gd,Ex,392500
4476,2396,10,1996,160.0,0.0,NoRidge,1Fam,Y,Attchd,Ex,Ex,745000
1130,1120,5,1920,60.0,0.0,OldTown,1Fam,Y,Detchd,TA,TA,120000
1572,1572,5,1963,50.0,226.0,Timber,1Fam,Y,2Types,TA,TA,186700
1221,784,5,1924,60.0,0.0,Edwards,1Fam,Y,Attchd,TA,TA,104900
1699,978,3,1900,107.0,0.0,OldTown,2fmCon,Y,CarPort,TA,Fa,95000
1624,1624,8,1994,89.0,0.0,NoRidge,1Fam,Y,Attchd,Gd,Gd,262000
1660,831,7,2002,68.0,95.0,CollgCr,1Fam,Y,Attchd,Gd,Gd,195000
1804,994,7,1999,60.0,0.0,Gilbert,1Fam,Y,Attchd,Gd,TA,189000
1622,1249,4,1961,,149.0,Mitchel,2fmCon,Y,2Types,TA,TA,168000
1441,776,8,1999,24.0,456.0,Somerst,Twnhs,Y,Detchd,Gd,Gd,174000
1472,702,5,1925,60.0,0.0,OldTown,1Fam,Y,Detchd,Gd,TA,125000
1224,1224,6,1999,,425.0,Mitchel,TwnhsE,Y,Attchd,TA,Ex,165000
1352,663,6,1969,80.0,143.0,Sawyer,1Fam,Y,Attchd,TA,TA,158000
1456,728,6,2005,51.0,0.0,Gilbert,1Fam,Y,Attchd,Gd,Gd,176000
1863,879,7,2006,58.0,0.0,Gilbert,1Fam,Y,BuiltIn,Gd,Gd,219210
1690,815,7,1916,65.0,0.0,OldTown,1Fam,Y,Detchd,TA,TA,144000
1212,1212,7,2001,70.0,0.0,CollgCr,1Fam,Y,Attchd,Gd,Gd,178000
1382,1051,4,1963,75.0,51.0,Sawyer,1Fam,Y,Attchd,TA,TA,148000
864,864,4,1970,71.0,0.0,NAmes,1Fam,Y,Attchd,TA,TA,116050
1779,866,7,1998,80.0,0.0,CollgCr,1Fam,Y,Attchd,Gd,Gd,197900
1348,884,5,1925,50.0,0.0,BrkSide,1Fam,Y,Detchd,TA,TA,117000
1630,1630,7,2000,75.0,171.0,CollgCr,1Fam,Y,Attchd,Gd,Gd,213000
1074,1056,5,1975,78.0,0.0,NWAmes,1Fam,Y,Attchd,TA,Gd,153500
2196,2158,7,1990,90.0,234.0,SawyerW,1Fam,Y,Attchd,Gd,Gd,271900
1056,1056,4,1966,,0.0,SawyerW,1Fam,Y,Detchd,TA,TA,107000
1700,1682,6,2003,70.0,120.0,CollgCr,1Fam,Y,Attchd,Gd,Gd,200000
1283,931,5,1962,70.0,0.0,NAmes,1Fam,Y,Detchd,TA,TA,140000
1660,1660,8,2006,85.0,420.0,Somerst,1Fam,Y,Attchd,Gd,Ex,290000
1845,1055,6,1992,70.0,0.0,SawyerW,1Fam,Y,Attchd,Gd,Gd,189000
1752,559,8,1988,152.0,0.0,Gilbert,1Fam,Y,Basment,TA,Gd,164000
672,672,4,1941,50.0,0.0,Edwards,1Fam,Y,Attchd,TA,TA,113000
960,648,4,1965,,0.0,Sawyer,1Fam,Y,Attchd,TA,TA,145000
999,925,5,1962,69.0,0.0,NAmes,1Fam,Y,Attchd,TA,TA,134500
894,894,5,1966,99.0,0.0,Sawyer,1Fam,Y,Detchd,TA,TA,125000
1902,0,6,1978,68.0,0.0,Sawyer,Duplex,Y,Attchd,TA,,112000
1314,1300,8,2009,72.0,72.0,Somerst,1Fam,Y,Attchd,Gd,Gd,229456
912,0,4,1947,52.0,0.0,BrkSide,1Fam,N,,TA,,80500
1218,672,6,1971,21.0,236.0,BrDale,Twnhs,Y,,TA,TA,91500
912,912,5,1964,66.0,0.0,NAmes,1Fam,Y,Attchd,TA,TA,115000
1211,952,5,1968,55.0,0.0,Sawyer,1Fam,Y,Attchd,TA,TA,134000
1846,1040,6,1949,78.0,320.0,NAmes,1Fam,Y,Attchd,TA,TA,143000
2136,2136,5,1951,89.0,44.0,NAmes,1Fam,N,Detchd,TA,TA,137900
1490,788,7,2004,60.0,0.0,Gilbert,1Fam,Y,Attchd,Gd,Gd,184000
1138,588,6,1958,65.0,63.0,NAmes,1Fam,Y,Attchd,TA,TA,145000
1933,894,6,2007,86.0,74.0,Somerst,1Fam,Y,BuiltIn,Gd,Gd,214000
912,912,5,1965,72.0,300.0,NAmes,1Fam,Y,Detchd,Gd,TA,147000
1702,1702,9,2008,65.0,766.0,NridgHt,TwnhsE,Y,Attchd,Ex,Ex,367294
1507,1075,5,1960,70.0,0.0,NAmes,1Fam,Y,Basment,TA,TA,127000
2620,1361,5,1977,,1.0,Sawyer,Duplex,Y,BuiltIn,TA,Gd,190000
1190,1106,5,1962,70.0,120.0,NAmes,Duplex,Y,Attchd,TA,TA,132500
1224,0,4,1962,70.0,0.0,NAmes,Duplex,Y,CarPort,TA,,101800
1188,1188,5,1959,,180.0,NAmes,1Fam,Y,Attchd,TA,TA,142000
1964,940,5,1911,55.0,0.0,SWISU,1Fam,N,,TA,TA,130000
1784,747,5,1914,96.0,0.0,Crawfor,1Fam,Y,Detchd,TA,Gd,138887
1626,764,7,2003,36.0,106.0,NridgHt,Twnhs,Y,BuiltIn,Gd,Gd,175500
1948,847,7,2004,41.0,0.0,CollgCr,1Fam,Y,BuiltIn,Gd,Gd,195000
1141,1141,6,2005,63.0,0.0,SawyerW,1Fam,Y,Detchd,TA,Gd,142500
1484,1476,8,2006,64.0,32.0,Timber,1Fam,Y,Attchd,Ex,Gd,265900
1768,884,7,2003,65.0,252.0,CollgCr,1Fam,Y,Attchd,Gd,Gd,224900
1689,1689,7,2007,83.0,0.0,Somerst,1Fam,Y,Attchd,Gd,Gd,248328
1173,1053,7,1974,85.0,81.0,NWAmes,1Fam,Y,Attchd,Gd,Gd,170000
2076,2076,10,2006,107.0,,NridgHt,1Fam,Y,Attchd,Ex,Ex,465000
1517,792,8,1929,,0.0,Crawfor,1Fam,Y,Detchd,Gd,Gd,230000
1868,585,6,1984,78.0,74.0,NWAmes,1Fam,Y,BuiltIn,TA,Gd,178000
1553,756,7,2005,65.0,0.0,Somerst,1Fam,Y,Attchd,Gd,Gd,186500
1034,1012,6,1976,,335.0,Mitchel,1Fam,Y,Attchd,TA,TA,169900
2058,735,6,1917,60.0,0.0,OldTown,1Fam,N,Detchd,TA,Gd,129500
988,876,5,1950,60.0,0.0,NAmes,1Fam,Y,Attchd,TA,TA,119000
2110,2110,7,1968,93.0,0.0,NAmes,1Fam,Y,Attchd,Ex,TA,244000
1405,1405,7,2003,,163.0,NridgHt,TwnhsE,Y,Attchd,Gd,Gd,171750
874,864,5,1968,62.0,0.0,Mitchel,1Fam,Y,Attchd,TA,TA,130000
2167,1192,7,1974,,0.0,Veenker,1Fam,Y,Attchd,Gd,TA,294000
1656,746,7,2003,60.0,92.0,Edwards,1Fam,Y,BuiltIn,Gd,Gd,165400
1367,884,6,1931,52.0,0.0,BrkSide,1Fam,Y,Detchd,TA,TA,127500
1987,1986,8,1994,91.0,554.0,NoRidge,1Fam,Y,Attchd,Gd,Gd,301500
864,864,5,1922,56.0,0.0,Edwards,1Fam,Y,,TA,Fa,99900
1166,856,7,2005,59.0,182.0,Gilbert,1Fam,Y,Attchd,Gd,Gd,190000
1054,1054,6,1969,65.0,0.0,NAmes,1Fam,Y,Attchd,TA,Gd,151000
1675,841,6,1999,,0.0,Gilbert,1Fam,Y,BuiltIn,TA,Gd,181000
1050,1050,5,1956,80.0,0.0,NAmes,1Fam,Y,Attchd,TA,TA,128900
1788,1104,4,1957,,0.0,ClearCr,1Fam,Y,Attchd,TA,TA,161500
1824,764,6,1919,60.0,0.0,BrkSide,1Fam,Y,Detchd,TA,TA,180500
1337,1405,6,1998,34.0,0.0,NAmes,TwnhsE,Y,Attchd,Gd,Gd,181000
1452,691,7,1999,35.0,218.0,Somerst,TwnhsE,Y,Detchd,Gd,Gd,183900
1889,925,7,1910,60.0,0.0,OldTown,2fmCon,N,Detchd,TA,TA,122000
2018,2002,9,2008,89.0,0.0,Timber,1Fam,Y,Attchd,Ex,Ex,378500
3447,728,8,1935,,632.0,Crawfor,1Fam,Y,BuiltIn,Gd,TA,381000
1524,874,5,1958,78.0,180.0,NAmes,1Fam,Y,Attchd,TA,TA,144000
1524,1332,7,1979,,0.0,ClearCr,1Fam,Y,Attchd,Gd,Gd,260000
1489,1489,6,1968,,0.0,NWAmes,1Fam,Y,Attchd,Gd,TA,185750
935,935,5,1965,,114.0,Sawyer,1Fam,Y,Attchd,TA,TA,137000
1357,1019,6,1959,124.0,84.0,Edwards,1Fam,Y,Basment,Ex,TA,177000
1250,661,5,1910,53.0,0.0,Crawfor,1Fam,Y,Detchd,TA,TA,139000
1920,928,5,1948,95.0,567.0,NAmes,Duplex,Y,Detchd,TA,TA,137000
1395,723,6,1972,,0.0,NWAmes,1Fam,Y,Attchd,TA,TA,162000
1724,1680,6,1967,,359.0,NWAmes,1Fam,Y,Attchd,TA,Gd,197900
2031,1128,8,2002,75.0,,CollgCr,1Fam,Y,Attchd,Gd,Gd,237000
1128,698,4,1920,60.0,0.0,IDOTRR,1Fam,Y,Detchd,TA,TA,68400
1573,1573,7,2002,67.0,110.0,CollgCr,1Fam,Y,Attchd,Gd,Gd,227000
1339,1309,7,1990,50.0,54.0,Timber,1Fam,Y,Attchd,TA,Gd,180000
1040,1040,5,1977,61.0,0.0,CollgCr,1Fam,Y,Detchd,Gd,Gd,150500
1824,912,6,1971,94.0,0.0,Mitchel,Duplex,Y,,TA,TA,139000
2447,804,6,1919,50.0,0.0,SWISU,1Fam,Y,Detchd,Gd,TA,169000
1412,780,6,1939,50.0,0.0,BrkSide,1Fam,Y,Detchd,TA,TA,132500
1328,1328,6,1963,,451.0,NWAmes,1Fam,Y,Attchd,TA,TA,143000
1582,1624,5,1964,,621.0,ClearCr,1Fam,Y,Attchd,TA,TA,190000
1659,1501,8,2000,40.0,0.0,StoneBr,TwnhsE,Y,Attchd,Ex,Gd,278000
1970,1085,8,2006,86.0,788.0,NridgHt,1Fam,Y,BuiltIn,Ex,Gd,281000
1152,1152,5,1964,,86.0,NAmes,1Fam,Y,Attchd,TA,TA,180500
1302,630,5,1972,21.0,268.0,BrDale,Twnhs,Y,Detchd,TA,TA,119500
2372,994,5,1892,60.0,0.0,OldTown,1Fam,N,Attchd,TA,TA,107500
1664,832,7,1976,78.0,0.0,NWAmes,1Fam,Y,Attchd,TA,Gd,162900
864,864,5,1955,60.0,0.0,Edwards,1Fam,Y,Detchd,TA,TA,115000
1052,1052,5,1968,70.0,168.0,NAmes,1Fam,Y,Attchd,TA,TA,138500
1128,1120,5,1963,80.0,148.0,NAmes,1Fam,Y,Attchd,TA,TA,155000
1072,547,6,2005,35.0,82.0,Edwards,TwnhsE,Y,Basment,TA,Gd,140000
5642,6110,10,2008,313.0,796.0,Edwards,1Fam,Y,Attchd,Ex,Ex,160000
1246,1246,5,1959,75.0,0.0,NAmes,1Fam,Y,Attchd,Gd,TA,154000
1983,978,7,1999,,344.0,Gilbert,1Fam,Y,Attchd,Gd,Gd,225000
1494,771,6,1942,,0.0,Crawfor,1Fam,Y,Attchd,Gd,TA,177500
2526,1165,8,1994,92.0,391.0,NoRidge,1Fam,Y,Attchd,Gd,Gd,290000
1616,1616,7,2005,73.0,228.0,Somerst,1Fam,Y,Attchd,Gd,Gd,232000
1708,976,7,2004,32.0,117.0,Edwards,TwnhsE,Y,Detchd,Gd,Gd,130000
1652,1652,9,2006,108.0,300.0,NridgHt,1Fam,Y,Attchd,Ex,Ex,325000
1368,1368,7,2005,48.0,94.0,NridgHt,TwnhsE,Y,Attchd,Gd,Gd,202500
990,990,5,1994,60.0,0.0,CollgCr,1Fam,Y,Detchd,TA,Gd,138000
1122,924,5,1948,100.0,0.0,OldTown,1Fam,Y,Attchd,Gd,TA,147000
1294,1278,6,1991,,88.0,SawyerW,1Fam,Y,Attchd,Gd,Gd,179200
1902,1902,7,1959,100.0,0.0,Crawfor,1Fam,Y,Attchd,Ex,Gd,335000
1274,1274,7,2005,68.0,80.0,CollgCr,1Fam,Y,Attchd,Gd,Gd,203000
2810,1453,8,1990,,336.0,NoRidge,1Fam,Y,Attchd,Gd,Ex,302000
2599,1393,9,1999,108.0,165.0,NoRidge,1Fam,Y,BuiltIn,Gd,Gd,333168
948,948,4,1954,60.0,0.0,Edwards,1Fam,Y,Detchd,TA,TA,119000
2112,952,6,1969,85.0,0.0,NAmes,1Fam,Y,Attchd,TA,Fa,206900
1630,1622,8,2008,61.0,270.0,CollgCr,1Fam,Y,Attchd,Ex,Ex,295493
1352,1352,7,2006,47.0,0.0,Somerst,TwnhsE,Y,Attchd,Gd,Ex,208900
1787,1753,8,2001,,178.0,CollgCr,1Fam,Y,Attchd,Gd,Gd,275000
948,864,4,1954,75.0,132.0,Edwards,1Fam,Y,Attchd,TA,TA,111000
1478,1478,6,1957,70.0,0.0,NAmes,1Fam,Y,Attchd,TA,TA,156500
720,0,3,1949,,0.0,BrkSide,1Fam,N,Detchd,TA,,72500
1923,750,7,1992,107.0,0.0,NoRidge,1Fam,Y,Attchd,Gd,Gd,190000
708,420,4,1940,50.0,0.0,BrkSide,1Fam,Y,,Fa,TA,82500
1795,1795,8,2006,75.0,428.0,Somerst,1Fam,Y,Attchd,Gd,Ex,147000
796,796,4,1922,40.0,0.0,IDOTRR,1Fam,N,,TA,TA,55000
774,544,3,1931,70.0,0.0,Edwards,1Fam,Y,,Gd,TA,79000
816,816,5,1982,60.0,0.0,Mitchel,1Fam,Y,Attchd,Gd,TA,130500
2792,1510,6,1920,60.0,0.0,OldTown,1Fam,Y,Detchd,TA,Gd,256000
1632,935,7,1998,63.0,0.0,Gilbert,1Fam,Y,Attchd,TA,Gd,176500
1588,1588,8,2006,85.0,410.0,Somerst,1Fam,Y,Attchd,Gd,Gd,227000
954,911,5,1976,55.0,0.0,CollgCr,1Fam,Y,Detchd,TA,TA,132500
816,816,4,1938,67.0,0.0,Edwards,1Fam,Y,Detchd,TA,TA,100000
1360,803,5,1938,60.0,0.0,IDOTRR,1Fam,Y,Detchd,Gd,TA,125500
1365,765,5,1970,24.0,312.0,BrDale,TwnhsE,Y,Attchd,TA,TA,125000
1334,1350,6,1977,80.0,360.0,NWAmes,1Fam,Y,Attchd,TA,Gd,167900
1656,1656,5,1973,87.0,564.0,NWAmes,Duplex,Y,Detchd,TA,TA,135000
693,693,4,1941,153.0,0.0,OldTown,1Fam,N,,Fa,TA,52500
1861,916,7,2002,95.0,0.0,CollgCr,1Fam,Y,BuiltIn,Gd,Gd,200000
864,864,5,1972,120.0,0.0,CollgCr,1Fam,Y,Attchd,TA,TA,128500
872,858,4,1971,70.0,0.0,NAmes,1Fam,Y,Detchd,TA,TA,123000
1114,1114,6,2003,66.0,0.0,SawyerW,1Fam,Y,Detchd,Gd,Gd,155000
2169,1284,8,2002,,149.0,CollgCr,1Fam,Y,Attchd,Gd,Gd,228500
1913,896,6,1928,57.0,0.0,Crawfor,1Fam,Y,Detchd,TA,TA,177000
1456,728,7,2006,85.0,0.0,CollgCr,1Fam,Y,Attchd,Gd,Gd,155835
960,960,4,1920,50.0,0.0,OldTown,1Fam,Y,Detchd,Fa,TA,108500
2156,1568,7,1968,,0.0,NWAmes,1Fam,Y,Attchd,TA,TA,262500
1776,1732,8,2006,93.0,100.0,Timber,1Fam,Y,Attchd,Gd,Ex,283463
1494,1482,7,1998,,0.0,SawyerW,1Fam,Y,Attchd,Gd,Gd,215000
2358,684,8,1872,50.0,0.0,OldTown,1Fam,N,,TA,TA,122000
2634,1248,5,1969,91.0,368.0,NAmes,Duplex,Y,Detchd,TA,TA,200000
1716,858,6,1962,70.0,318.0,NAmes,1Fam,Y,Attchd,TA,TA,171000
1176,698,6,1937,50.0,0.0,BrkSide,1Fam,Y,Detchd,TA,TA,134900
3238,2033,8,1995,56.0,579.0,NoRidge,1Fam,Y,Attchd,Gd,Gd,410000
1865,992,7,2000,,0.0,CollgCr,1Fam,Y,Attchd,Gd,Gd,235000
1920,570,7,1968,102.0,143.0,NWAmes,1Fam,Y,Attchd,Gd,TA,170000
892,864,5,1966,,65.0,NAmes,1Fam,Y,Attchd,TA,TA,110000
1078,1078,5,1971,,0.0,NAmes,1Fam,Y,Attchd,TA,TA,149900
1573,756,6,2000,,216.0,Somerst,Twnhs,Y,Detchd,Gd,Gd,177500
1980,1980,9,2004,129.0,66.0,NridgHt,1Fam,Y,Attchd,Ex,Ex,315000
2601,612,5,1921,51.0,0.0,SWISU,1Fam,Y,BuiltIn,TA,TA,189000
1530,1530,7,2005,124.0,16.0,StoneBr,1Fam,Y,Attchd,Gd,Ex,260000
1738,715,4,1920,,0.0,NAmes,1Fam,Y,Attchd,TA,TA,104900
1412,616,6,2006,73.0,0.0,Gilbert,1Fam,Y,BuiltIn,Gd,Gd,156932
1200,600,7,2005,30.0,0.0,Somerst,TwnhsE,Y,Detchd,Gd,Gd,144152
1674,814,7,2000,,0.0,Somerst,1Fam,Y,Attchd,Gd,Gd,216000
1790,873,7,1999,68.0,158.0,CollgCr,1Fam,Y,Attchd,Gd,Gd,193000
1475,757,5,1977,41.0,0.0,MeadowV,TwnhsE,Y,Attchd,TA,TA,127000
848,848,6,2003,,170.0,CollgCr,TwnhsE,Y,Attchd,Gd,Gd,144000
1668,1657,8,2003,48.0,171.0,CollgCr,1Fam,Y,Attchd,Gd,Gd,232000
1374,840,4,1920,90.0,0.0,OldTown,1Fam,Y,Detchd,TA,TA,105000
1661,992,6,1955,80.0,0.0,NAmes,1Fam,Y,BuiltIn,Gd,TA,165500
2097,1108,7,1998,75.0,0.0,CollgCr,1Fam,Y,Detchd,Gd,Gd,274300
2633,2633,10,2001,,705.0,NoRidge,1Fam,Y,Attchd,Ex,Ex,466500
1958,1026,7,2005,85.0,0.0,Somerst,1Fam,Y,Attchd,Gd,Gd,250000
1571,1571,8,2007,89.0,80.0,Timber,1Fam,Y,Attchd,Gd,Gd,239000
790,768,6,1930,52.0,0.0,SWISU,1Fam,N,Detchd,TA,Gd,91000
1604,984,5,1941,60.0,0.0,Edwards,1Fam,Y,Detchd,TA,TA,117000
987,483,6,1973,21.0,408.0,BrDale,Twnhs,Y,Detchd,TA,TA,83000
1394,384,5,2006,73.0,0.0,Timber,1Fam,Y,BuiltIn,Gd,Gd,167500
864,864,3,1914,45.0,0.0,Edwards,1Fam,N,Detchd,TA,TA,58500
2117,1205,6,1970,,0.0,NAmes,1Fam,Y,Attchd,TA,TA,237500
1762,596,7,1920,60.0,0.0,OldTown,1Fam,Y,Detchd,Gd,Fa,157000
1416,816,5,1918,,0.0,Sawyer,1Fam,Y,Attchd,Gd,TA,112000
1258,560,6,1939,60.0,0.0,Edwards,1Fam,Y,Detchd,TA,TA,105000
1154,796,4,1922,40.0,0.0,IDOTRR,1Fam,Y,Detchd,Gd,TA,125500
2784,1392,7,1978,80.0,184.0,NWAmes,1Fam,Y,Attchd,Gd,Gd,250000
2526,714,6,1916,60.0,0.0,OldTown,1Fam,N,Detchd,Gd,TA,136000
1746,1746,9,2006,42.0,160.0,Gilbert,1Fam,Y,Attchd,Ex,Ex,377500
1218,735,6,1941,60.0,0.0,BrkSide,1Fam,Y,Detchd,TA,TA,131000
1525,1525,7,2000,70.0,244.0,CollgCr,1Fam,Y,Attchd,Gd,Gd,235000
1584,1584,5,1967,65.0,0.0,NAmes,Duplex,Y,Detchd,TA,TA,124000
900,864,5,1967,68.0,0.0,NAmes,1Fam,Y,Attchd,TA,TA,123000
1912,482,6,1905,60.0,0.0,OldTown,2fmCon,N,Detchd,TA,Fa,163000
1500,1356,7,2006,53.0,45.0,Blmngtn,TwnhsE,Y,Attchd,Gd,Gd,246578
2482,1094,8,2005,88.0,245.0,Timber,1Fam,Y,BuiltIn,Gd,Gd,281213
1687,747,5,1948,,0.0,Timber,1Fam,Y,Detchd,TA,TA,160000
1513,939,5,1920,51.0,0.0,BrkSide,1Fam,Y,Detchd,TA,TA,137500
1904,1208,5,1950,60.0,0.0,NAmes,1Fam,Y,Attchd,TA,TA,138000
1608,976,6,1925,51.0,0.0,SWISU,1Fam,Y,Detchd,Gd,TA,137450
1158,862,6,1929,50.0,0.0,BrkSide,1Fam,Y,BuiltIn,TA,TA,120000
1593,839,6,2004,62.0,0.0,Gilbert,1Fam,Y,Attchd,TA,TA,193000
1294,1286,7,2006,64.0,0.0,CollgCr,1Fam,Y,Attchd,Gd,Gd,193879
1464,1485,8,2007,49.0,84.0,Somerst,1Fam,Y,Attchd,Gd,Gd,282922
1214,672,3,1915,60.0,0.0,OldTown,1Fam,Y,Detchd,TA,TA,105000
1646,1594,8,2004,44.0,174.0,Crawfor,TwnhsE,Y,Attchd,Gd,Ex,275000
768,768,5,1972,70.0,0.0,CollgCr,1Fam,Y,Detchd,TA,Gd,133000
833,833,5,1985,,0.0,Mitchel,1Fam,Y,,TA,TA,112000
1363,622,4,1910,60.0,0.0,OldTown,1Fam,Y,Detchd,TA,Fa,125500
2093,791,7,1986,46.0,123.0,NWAmes,1Fam,Y,Attchd,TA,Gd,215000
1840,944,7,2001,79.0,0.0,CollgCr,1Fam,Y,Attchd,Gd,Gd,230000
1668,856,6,1950,80.0,0.0,NAmes,1Fam,Y,Attchd,TA,TA,140000
1040,0,4,1949,60.0,0.0,NAmes,Duplex,N,Detchd,TA,,90000
1844,1844,8,2005,88.0,366.0,SawyerW,1Fam,Y,Attchd,Gd,Gd,257000
1848,833,6,1923,64.0,0.0,BrkSide,1Fam,Y,Detchd,Gd,TA,207000
1569,1386,7,2007,51.0,130.0,Blmngtn,TwnhsE,Y,Attchd,Gd,Gd,175900
2290,777,4,1885,60.0,0.0,OldTown,2fmCon,Y,Detchd,TA,TA,122500
2450,1284,8,1998,,731.0,NoRidge,1Fam,Y,Attchd,Gd,Gd,340000
1144,1144,5,1963,71.0,0.0,NAmes,1Fam,Y,Detchd,TA,TA,124000
1844,1844,6,1969,,312.0,Crawfor,1Fam,Y,Attchd,Gd,TA,223000
1416,708,6,1968,90.0,420.0,NWAmes,1Fam,Y,Attchd,TA,TA,179900
1069,1069,6,1977,53.0,0.0,NPkVill,TwnhsE,Y,Attchd,TA,Gd,127500
848,848,6,2003,37.0,170.0,CollgCr,TwnhsE,Y,Attchd,Gd,Gd,136500
2201,697,6,1966,,0.0,Edwards,1Fam,Y,Attchd,Gd,Gd,274970
1344,1024,5,1958,,0.0,NAmes,1Fam,Y,Detchd,TA,TA,144000
1252,1252,6,1959,80.0,243.0,NAmes,1Fam,Y,Detchd,Gd,TA,142000
2127,1223,7,1994,81.0,448.0,NoRidge,1Fam,Y,Attchd,Gd,Gd,271000
1558,913,5,1945,60.0,0.0,NAmes,1Fam,Y,Attchd,TA,TA,140000
804,788,5,1940,60.0,294.0,OldTown,1Fam,Y,Attchd,Gd,TA,119000
1440,1440,6,1981,,310.0,NWAmes,1Fam,Y,Attchd,Gd,Gd,182900
1838,732,5,2005,60.0,0.0,Gilbert,1Fam,Y,BuiltIn,TA,Gd,192140
958,958,6,1976,,0.0,NPkVill,TwnhsE,Y,Attchd,TA,Gd,143750
968,656,4,1927,60.0,0.0,OldTown,1Fam,Y,Detchd,TA,TA,64500
1792,936,6,2000,93.0,318.0,Gilbert,1Fam,Y,Attchd,TA,Gd,186500
1126,1126,5,1977,80.0,0.0,Mitchel,1Fam,Y,Attchd,TA,TA,160000
1537,1319,6,1962,80.0,237.0,NAmes,1Fam,Y,Attchd,Gd,TA,174000
864,864,4,1971,60.0,0.0,NAmes,1Fam,Y,Detchd,TA,TA,120500
1932,1932,8,2008,96.0,426.0,NridgHt,1Fam,Y,Attchd,Ex,Ex,394617
1236,912,6,1957,90.0,0.0,OldTown,1Fam,Y,Attchd,TA,TA,149700
1725,539,7,1979,80.0,96.0,NWAmes,1Fam,Y,Attchd,TA,TA,197000
2555,588,6,1922,79.0,0.0,Crawfor,1Fam,Y,Detchd,TA,Ex,191000
848,848,6,2004,,147.0,CollgCr,TwnhsE,Y,Attchd,Gd,Gd,149300
2007,1017,10,2008,85.0,160.0,Somerst,1Fam,Y,Attchd,Ex,Ex,310000
952,952,6,1916,,0.0,BrkSide,1Fam,N,Detchd,Fa,TA,121000
1422,1422,7,2004,63.0,106.0,CollgCr,1Fam,Y,Attchd,Gd,Gd,179600
913,814,6,1966,70.0,0.0,Sawyer,1Fam,Y,Detchd,TA,TA,129000
1188,1188,5,1962,,189.0,Mitchel,1Fam,Y,Attchd,TA,TA,157900
2090,1220,8,1995,80.0,438.0,CollgCr,1Fam,Y,Attchd,Gd,Gd,240000
1346,560,4,1910,70.0,0.0,Edwards,1Fam,N,Detchd,TA,Fa,112000
630,630,5,1970,21.0,0.0,MeadowV,Twnhs,Y,,Ex,Gd,92000
1792,896,5,1974,60.0,0.0,NAmes,Duplex,Y,,TA,Gd,136000
1578,1573,8,2008,78.0,194.0,Somerst,1Fam,Y,Attchd,Ex,Gd,287090
1072,547,5,2005,35.0,80.0,Edwards,TwnhsE,Y,Basment,TA,Gd,145000
1140,1140,5,2006,90.0,0.0,Mitchel,1Fam,Y,,TA,Gd,84500
1221,1221,7,2004,62.0,0.0,Somerst,1Fam,Y,Attchd,Gd,Gd,185000
1647,953,6,1999,62.0,0.0,Gilbert,1Fam,Y,Attchd,TA,Gd,175000
2073,1542,6,1978,85.0,119.0,NWAmes,1Fam,Y,Attchd,TA,Gd,210000
2340,1152,7,1941,66.0,0.0,Crawfor,1Fam,Y,Attchd,Gd,TA,266500
1078,1078,5,1950,68.0,0.0,NAmes,1Fam,Y,Attchd,Gd,TA,142125
1256,1256,5,1965,75.0,0.0,Edwards,1Fam,Y,Attchd,TA,TA,147500
